{
"type": "FeatureCollection",
"name": "bus40stops",
"crs": { "type": "name", "properties": { "name": "urn:ogc:def:crs:OGC:1.3:CRS84" } },
"features": [
{ "type": "Feature", "properties": { "fid": 794, "full_id": "n44534391", "osm_id": "44534391", "osm_type": "node", "flashing_lights": null, "traffic_signals:shoulder:right": null, "traffic_signals:lanes": null, "passing_place": null, "maxspeed:conditional": null, "not:highway": null, "country": null, "name:forward": null, "name:backward": null, "name:tr": null, "related_law:url": null, "related_law": null, "payment:others": null, "payment:license_plate:website:nl": null, "payment:license_plate:website:en": null, "payment:license_plate:website": null, "payment:license_plate": null, "payment:ideal": null, "payment:credit_cards": null, "note:charge": null, "description:nl": null, "description:en": null, "description:de": null, "check_date:charge": null, "charge:tourist_bus": null, "charge:hgv": null, "charge:bus": null, "charge": null, "brand:website": null, "locked": null, "swing_gate:type": null, "material": null, "cycleway:surface:colour": null, "crossing:signed": null, "traffic_sign:variable:backward": null, "traffic_sign:technology:backward": null, "traffic_sign:backward": null, "traffic_sign:variable:forward": null, "traffic_sign:technology:forward": null, "access:conditional": null, "kerb:right": null, "kerb:left": null, "crosswalk": null, "source:official_ref": null, "operator:wikipedia": null, "operator:type": null, "operator:en": null, "opening_hours": null, "lanes": null, "carriageway_ref:colour": null, "was:traffic_signals:vibration": null, "was:traffic_signals:sound": null, "was:tactile_paving": null, "was:crossing:signals": null, "was:crossing:markings": null, "was:crossing": null, "was:button_operated": null, "lift_gate:type": null, "level": null, "ref:FR:FANTOIR": null, "source:maxheight": null, "give_way:direction": null, "disused:traffic_signals": null, "STIF:zone": null, "maxspeed:variable": null, "panoramax:0": null, "construction": null, "stop_line": null, "proposed:name": null, "bicycle_parking:capacity": null, "noexit": null, "check_date:kerb": null, "brand:wikidata": null, "brand": null, "implicit": null, "check_date:traffic_signals:vibration": null, "bicycle_parking": null, "url": null, "mintrackwidth": null, "bridge:support": null, "construction:highway": null, "crossing:saltire": null, "position": null, "hazard": null, "check_date:bin": null, "check_date:bench": null, "pole": null, "tram": null, "reg_name": null, "image": null, "panoramax": null, "red_turn:straight:bicycle": null, "zone:traffic": null, "zone:De_Lijn": null, "route_ref:Flixbus": null, "route_ref:De_Lijn": null, "ref:De_Lijn": null, "name:operator:De_Lijn": null, "train": null, "public_transport:version": null, "facebook": null, "highway:forward": null, "highway:backward": null, "maxheight:signed": null, "wheelchair:description:en": null, "wheelchair:description": null, "cycleway": null, "vehicle": null, "phone": null, "maxheight": null, "entrance": null, "capacity:car": null, "capacity:bus": null, "addr:street": null, "addr:postcode": null, "red_turn:right:bicycle": null, "maxwidth:physical": null, "bus_bay": null, "source:traffic_sign": null, "supervised": null, "traffic_signals:countdown": null, "open": null, "timetable": null, "psv": null, "moped": null, "mofa": null, "emergency": null, "parking": null, "fee": null, "access": null, "official_name": null, "road_marking:direction": null, "road_marking": null, "name:etymology:wikidata": null, "bollard": null, "ref:FR:SNCF_Reseau:RESEAU": null, "railway:position:exact": null, "crossing:light": null, "crossing:bell": null, "crossing:barrier": null, "crossing:activation": null, "proposed:highway": null, "contact:website": null, "cxx:id": null, "cxx:code": null, "speisebezirk": null, "motor_vehicle": null, "footway:crossing:markings": null, "cycleway:crossing:markings": null, "maxspeed:reason": null, "check_date:shelter": null, "source:date": null, "lit": null, "network:wikipedia": null, "network:short": null, "ref_name": null, "note:bus_routes": null, "note:route_ref": null, "traffic_signals:arrow": null, "network:zone": null, "bus_routes": null, "crossing_ref": null, "destination:ref": null, "guidepost": null, "local_ref": null, "old_name": null, "monitoring:traffic": null, "surface": null, "minspeed": null, "maxspeed:hgv:conditional": null, "source:maxspeed": null, "toll": null, "source:url": null, "was:ref": null, "disused:highway": null, "website": null, "check_date:traffic_signals:sound": null, "old_name:-2009": null, "highway_1": null, "enforcement": null, "wikimedia_commons": null, "disused:public_transport": null, "mapillary": null, "survey:date": null, "operator:rcn": null, "expected_rcn_route_relations": null, "carriageway_ref": null, "priority": null, "passenger_information_display": null, "departures_board": null, "bin": null, "bench": null, "ref:NBd": null, "junction": null, "wheelchair": null, "shelter": null, "ref:IFOPT": null, "operator:rwn": null, "comment": null, "bicycle_bypass": null, "covered": null, "stop_position": null, "city_limit": null, "horse": null, "network:wikidata": null, "route_ref": null, "amenity": null, "traffic_sign:direction": null, "zone": null, "rwn_ref": null, "expected_rwn_route_relations": null, "traffic_calming": null, "segregated": null, "noname": null, "public_transport": "stop_position", "network": null, "bus": "yes", "traffic_signals": null, "traffic_signals:direction": null, "traffic_sign:forward": null, "side": null, "direction": null, "foot": null, "check_date:crossing": null, "alt_name": null, "surveillance:zone": null, "surveillance:type": null, "camera:type": null, "surveillance": null, "man_made": null, "description": null, "source:nat_ref": null, "operator:abbr": null, "loc_name": null, "source:name": null, "maxspeed": null, "layer": null, "TMC:cid_58:tabcd_1:TypeName:loc": null, "TMC:cid_58:tabcd_1:TypeName": null, "check_date": null, "rcn_ref": null, "network:type": null, "railway": null, "traffic_signals:vibration": null, "check_date:tactile_paving": null, "button_operated": null, "bicycle": null, "traffic_signals:sound": null, "tactile_paving": null, "kerb": null, "crossing:signals": null, "crossing:markings": null, "crossing:island": null, "crossing": null, "payment:brobizz": null, "name:de": null, "name:da": null, "wikipedia:fr": null, "wikipedia": null, "wikidata": null, "start_date": null, "name:nl": null, "name:fr": null, "name:en": null, "junction_name": null, "ele": null, "destination:lang:nl": null, "destination:lang:fr": null, "noref": null, "operator:ref": null, "highway:ref": null, "barrier": null, "toll:hgv": null, "ref:highway": null, "operator:wikidata": null, "operator": null, "nat_ref": null, "distance": null, "traffic_sign": null, "TMC:cid_58:tabcd_1:PrevLocationCode": null, "TMC:cid_58:tabcd_1:NextLocationCode": null, "TMC:cid_58:tabcd_1:LocationCode": null, "TMC:cid_58:tabcd_1:LCLversion": null, "TMC:cid_58:tabcd_1:Direction": null, "TMC:cid_58:tabcd_1:Class": null, "ref": null, "destination": null, "name": "Rotterdam, Molen", "highway": null, "exit_to:right": null, "exit_to:left": null }, "geometry": { "type": "Point", "coordinates": [ 4.4169613, 51.946232 ] } },
{ "type": "Feature", "properties": { "fid": 803, "full_id": "n44566420", "osm_id": "44566420", "osm_type": "node", "flashing_lights": null, "traffic_signals:shoulder:right": null, "traffic_signals:lanes": null, "passing_place": null, "maxspeed:conditional": null, "not:highway": null, "country": null, "name:forward": null, "name:backward": null, "name:tr": null, "related_law:url": null, "related_law": null, "payment:others": null, "payment:license_plate:website:nl": null, "payment:license_plate:website:en": null, "payment:license_plate:website": null, "payment:license_plate": null, "payment:ideal": null, "payment:credit_cards": null, "note:charge": null, "description:nl": null, "description:en": null, "description:de": null, "check_date:charge": null, "charge:tourist_bus": null, "charge:hgv": null, "charge:bus": null, "charge": null, "brand:website": null, "locked": null, "swing_gate:type": null, "material": null, "cycleway:surface:colour": null, "crossing:signed": null, "traffic_sign:variable:backward": null, "traffic_sign:technology:backward": null, "traffic_sign:backward": null, "traffic_sign:variable:forward": null, "traffic_sign:technology:forward": null, "access:conditional": null, "kerb:right": null, "kerb:left": null, "crosswalk": null, "source:official_ref": null, "operator:wikipedia": null, "operator:type": null, "operator:en": null, "opening_hours": null, "lanes": null, "carriageway_ref:colour": null, "was:traffic_signals:vibration": null, "was:traffic_signals:sound": null, "was:tactile_paving": null, "was:crossing:signals": null, "was:crossing:markings": null, "was:crossing": null, "was:button_operated": null, "lift_gate:type": null, "level": null, "ref:FR:FANTOIR": null, "source:maxheight": null, "give_way:direction": null, "disused:traffic_signals": null, "STIF:zone": null, "maxspeed:variable": null, "panoramax:0": null, "construction": null, "stop_line": null, "proposed:name": null, "bicycle_parking:capacity": null, "noexit": null, "check_date:kerb": null, "brand:wikidata": null, "brand": null, "implicit": null, "check_date:traffic_signals:vibration": null, "bicycle_parking": null, "url": null, "mintrackwidth": null, "bridge:support": null, "construction:highway": null, "crossing:saltire": null, "position": null, "hazard": null, "check_date:bin": null, "check_date:bench": null, "pole": null, "tram": null, "reg_name": null, "image": null, "panoramax": null, "red_turn:straight:bicycle": null, "zone:traffic": null, "zone:De_Lijn": null, "route_ref:Flixbus": null, "route_ref:De_Lijn": null, "ref:De_Lijn": null, "name:operator:De_Lijn": null, "train": null, "public_transport:version": null, "facebook": null, "highway:forward": null, "highway:backward": null, "maxheight:signed": null, "wheelchair:description:en": null, "wheelchair:description": null, "cycleway": null, "vehicle": null, "phone": null, "maxheight": null, "entrance": null, "capacity:car": null, "capacity:bus": null, "addr:street": null, "addr:postcode": null, "red_turn:right:bicycle": null, "maxwidth:physical": null, "bus_bay": null, "source:traffic_sign": null, "supervised": null, "traffic_signals:countdown": null, "open": null, "timetable": null, "psv": null, "moped": null, "mofa": null, "emergency": null, "parking": null, "fee": null, "access": null, "official_name": null, "road_marking:direction": null, "road_marking": null, "name:etymology:wikidata": null, "bollard": null, "ref:FR:SNCF_Reseau:RESEAU": null, "railway:position:exact": null, "crossing:light": null, "crossing:bell": null, "crossing:barrier": null, "crossing:activation": null, "proposed:highway": null, "contact:website": null, "cxx:id": null, "cxx:code": null, "speisebezirk": null, "motor_vehicle": null, "footway:crossing:markings": null, "cycleway:crossing:markings": null, "maxspeed:reason": null, "check_date:shelter": null, "source:date": null, "lit": null, "network:wikipedia": null, "network:short": null, "ref_name": null, "note:bus_routes": null, "note:route_ref": null, "traffic_signals:arrow": null, "network:zone": null, "bus_routes": null, "crossing_ref": null, "destination:ref": null, "guidepost": null, "local_ref": null, "old_name": null, "monitoring:traffic": null, "surface": null, "minspeed": null, "maxspeed:hgv:conditional": null, "source:maxspeed": null, "toll": null, "source:url": null, "was:ref": null, "disused:highway": null, "website": null, "check_date:traffic_signals:sound": null, "old_name:-2009": null, "highway_1": null, "enforcement": null, "wikimedia_commons": null, "disused:public_transport": null, "mapillary": null, "survey:date": null, "operator:rcn": null, "expected_rcn_route_relations": null, "carriageway_ref": null, "priority": null, "passenger_information_display": null, "departures_board": null, "bin": null, "bench": null, "ref:NBd": null, "junction": null, "wheelchair": null, "shelter": null, "ref:IFOPT": null, "operator:rwn": null, "comment": null, "bicycle_bypass": null, "covered": null, "stop_position": null, "city_limit": null, "horse": null, "network:wikidata": null, "route_ref": null, "amenity": null, "traffic_sign:direction": null, "zone": null, "rwn_ref": null, "expected_rwn_route_relations": null, "traffic_calming": null, "segregated": null, "noname": null, "public_transport": "stop_position", "network": null, "bus": "yes", "traffic_signals": null, "traffic_signals:direction": null, "traffic_sign:forward": null, "side": null, "direction": null, "foot": null, "check_date:crossing": null, "alt_name": null, "surveillance:zone": null, "surveillance:type": null, "camera:type": null, "surveillance": null, "man_made": null, "description": null, "source:nat_ref": null, "operator:abbr": null, "loc_name": null, "source:name": null, "maxspeed": null, "layer": null, "TMC:cid_58:tabcd_1:TypeName:loc": null, "TMC:cid_58:tabcd_1:TypeName": null, "check_date": null, "rcn_ref": null, "network:type": null, "railway": null, "traffic_signals:vibration": null, "check_date:tactile_paving": null, "button_operated": null, "bicycle": null, "traffic_signals:sound": null, "tactile_paving": null, "kerb": null, "crossing:signals": null, "crossing:markings": null, "crossing:island": null, "crossing": null, "payment:brobizz": null, "name:de": null, "name:da": null, "wikipedia:fr": null, "wikipedia": null, "wikidata": null, "start_date": null, "name:nl": null, "name:fr": null, "name:en": null, "junction_name": null, "ele": null, "destination:lang:nl": null, "destination:lang:fr": null, "noref": null, "operator:ref": null, "highway:ref": null, "barrier": null, "toll:hgv": null, "ref:highway": null, "operator:wikidata": null, "operator": null, "nat_ref": null, "distance": null, "traffic_sign": null, "TMC:cid_58:tabcd_1:PrevLocationCode": null, "TMC:cid_58:tabcd_1:NextLocationCode": null, "TMC:cid_58:tabcd_1:LocationCode": null, "TMC:cid_58:tabcd_1:LCLversion": null, "TMC:cid_58:tabcd_1:Direction": null, "TMC:cid_58:tabcd_1:Class": null, "ref": null, "destination": null, "name": "Rotterdam, De Tempel", "highway": null, "exit_to:right": null, "exit_to:left": null }, "geometry": { "type": "Point", "coordinates": [ 4.4062002, 51.9527122 ] } },
{ "type": "Feature", "properties": { "fid": 2213, "full_id": "n858667367", "osm_id": "858667367", "osm_type": "node", "flashing_lights": null, "traffic_signals:shoulder:right": null, "traffic_signals:lanes": null, "passing_place": null, "maxspeed:conditional": null, "not:highway": null, "country": null, "name:forward": null, "name:backward": null, "name:tr": null, "related_law:url": null, "related_law": null, "payment:others": null, "payment:license_plate:website:nl": null, "payment:license_plate:website:en": null, "payment:license_plate:website": null, "payment:license_plate": null, "payment:ideal": null, "payment:credit_cards": null, "note:charge": null, "description:nl": null, "description:en": null, "description:de": null, "check_date:charge": null, "charge:tourist_bus": null, "charge:hgv": null, "charge:bus": null, "charge": null, "brand:website": null, "locked": null, "swing_gate:type": null, "material": null, "cycleway:surface:colour": null, "crossing:signed": null, "traffic_sign:variable:backward": null, "traffic_sign:technology:backward": null, "traffic_sign:backward": null, "traffic_sign:variable:forward": null, "traffic_sign:technology:forward": null, "access:conditional": null, "kerb:right": null, "kerb:left": null, "crosswalk": null, "source:official_ref": null, "operator:wikipedia": null, "operator:type": null, "operator:en": null, "opening_hours": null, "lanes": null, "carriageway_ref:colour": null, "was:traffic_signals:vibration": null, "was:traffic_signals:sound": null, "was:tactile_paving": null, "was:crossing:signals": null, "was:crossing:markings": null, "was:crossing": null, "was:button_operated": null, "lift_gate:type": null, "level": null, "ref:FR:FANTOIR": null, "source:maxheight": null, "give_way:direction": null, "disused:traffic_signals": null, "STIF:zone": null, "maxspeed:variable": null, "panoramax:0": null, "construction": null, "stop_line": null, "proposed:name": null, "bicycle_parking:capacity": null, "noexit": null, "check_date:kerb": null, "brand:wikidata": null, "brand": null, "implicit": null, "check_date:traffic_signals:vibration": null, "bicycle_parking": null, "url": null, "mintrackwidth": null, "bridge:support": null, "construction:highway": null, "crossing:saltire": null, "position": null, "hazard": null, "check_date:bin": null, "check_date:bench": null, "pole": null, "tram": null, "reg_name": null, "image": null, "panoramax": null, "red_turn:straight:bicycle": null, "zone:traffic": null, "zone:De_Lijn": null, "route_ref:Flixbus": null, "route_ref:De_Lijn": null, "ref:De_Lijn": null, "name:operator:De_Lijn": null, "train": null, "public_transport:version": null, "facebook": null, "highway:forward": null, "highway:backward": null, "maxheight:signed": null, "wheelchair:description:en": null, "wheelchair:description": null, "cycleway": null, "vehicle": null, "phone": null, "maxheight": null, "entrance": null, "capacity:car": null, "capacity:bus": null, "addr:street": null, "addr:postcode": null, "red_turn:right:bicycle": null, "maxwidth:physical": null, "bus_bay": null, "source:traffic_sign": null, "supervised": null, "traffic_signals:countdown": null, "open": null, "timetable": null, "psv": null, "moped": null, "mofa": null, "emergency": null, "parking": null, "fee": null, "access": null, "official_name": null, "road_marking:direction": null, "road_marking": null, "name:etymology:wikidata": null, "bollard": null, "ref:FR:SNCF_Reseau:RESEAU": null, "railway:position:exact": null, "crossing:light": null, "crossing:bell": null, "crossing:barrier": null, "crossing:activation": null, "proposed:highway": null, "contact:website": null, "cxx:id": null, "cxx:code": null, "speisebezirk": null, "motor_vehicle": null, "footway:crossing:markings": null, "cycleway:crossing:markings": null, "maxspeed:reason": null, "check_date:shelter": null, "source:date": null, "lit": null, "network:wikipedia": null, "network:short": null, "ref_name": null, "note:bus_routes": null, "note:route_ref": null, "traffic_signals:arrow": null, "network:zone": null, "bus_routes": null, "crossing_ref": null, "destination:ref": null, "guidepost": null, "local_ref": null, "old_name": null, "monitoring:traffic": null, "surface": null, "minspeed": null, "maxspeed:hgv:conditional": null, "source:maxspeed": null, "toll": null, "source:url": null, "was:ref": null, "disused:highway": null, "website": null, "check_date:traffic_signals:sound": null, "old_name:-2009": null, "highway_1": null, "enforcement": null, "wikimedia_commons": null, "disused:public_transport": null, "mapillary": null, "survey:date": null, "operator:rcn": null, "expected_rcn_route_relations": null, "carriageway_ref": null, "priority": null, "passenger_information_display": null, "departures_board": null, "bin": null, "bench": null, "ref:NBd": null, "junction": null, "wheelchair": null, "shelter": null, "ref:IFOPT": null, "operator:rwn": null, "comment": null, "bicycle_bypass": null, "covered": null, "stop_position": null, "city_limit": null, "horse": null, "network:wikidata": null, "route_ref": null, "amenity": null, "traffic_sign:direction": null, "zone": null, "rwn_ref": null, "expected_rwn_route_relations": null, "traffic_calming": null, "segregated": null, "noname": null, "public_transport": "stop_position", "network": null, "bus": "yes", "traffic_signals": null, "traffic_signals:direction": null, "traffic_sign:forward": null, "side": null, "direction": null, "foot": null, "check_date:crossing": null, "alt_name": null, "surveillance:zone": null, "surveillance:type": null, "camera:type": null, "surveillance": null, "man_made": null, "description": null, "source:nat_ref": null, "operator:abbr": null, "loc_name": null, "source:name": null, "maxspeed": null, "layer": null, "TMC:cid_58:tabcd_1:TypeName:loc": null, "TMC:cid_58:tabcd_1:TypeName": null, "check_date": null, "rcn_ref": null, "network:type": null, "railway": null, "traffic_signals:vibration": null, "check_date:tactile_paving": null, "button_operated": null, "bicycle": null, "traffic_signals:sound": null, "tactile_paving": null, "kerb": null, "crossing:signals": null, "crossing:markings": null, "crossing:island": null, "crossing": null, "payment:brobizz": null, "name:de": null, "name:da": null, "wikipedia:fr": null, "wikipedia": null, "wikidata": null, "start_date": null, "name:nl": null, "name:fr": null, "name:en": null, "junction_name": null, "ele": null, "destination:lang:nl": null, "destination:lang:fr": null, "noref": null, "operator:ref": null, "highway:ref": null, "barrier": null, "toll:hgv": null, "ref:highway": null, "operator:wikidata": null, "operator": null, "nat_ref": null, "distance": null, "traffic_sign": null, "TMC:cid_58:tabcd_1:PrevLocationCode": null, "TMC:cid_58:tabcd_1:NextLocationCode": null, "TMC:cid_58:tabcd_1:LocationCode": null, "TMC:cid_58:tabcd_1:LCLversion": null, "TMC:cid_58:tabcd_1:Direction": null, "TMC:cid_58:tabcd_1:Class": null, "ref": null, "destination": null, "name": "Rotterdam, Beukelsdijk", "highway": null, "exit_to:right": null, "exit_to:left": null }, "geometry": { "type": "Point", "coordinates": [ 4.4554993, 51.9213371 ] } },
{ "type": "Feature", "properties": { "fid": 2801, "full_id": "n1433962017", "osm_id": "1433962017", "osm_type": "node", "flashing_lights": null, "traffic_signals:shoulder:right": null, "traffic_signals:lanes": null, "passing_place": null, "maxspeed:conditional": null, "not:highway": null, "country": null, "name:forward": null, "name:backward": null, "name:tr": null, "related_law:url": null, "related_law": null, "payment:others": null, "payment:license_plate:website:nl": null, "payment:license_plate:website:en": null, "payment:license_plate:website": null, "payment:license_plate": null, "payment:ideal": null, "payment:credit_cards": null, "note:charge": null, "description:nl": null, "description:en": null, "description:de": null, "check_date:charge": null, "charge:tourist_bus": null, "charge:hgv": null, "charge:bus": null, "charge": null, "brand:website": null, "locked": null, "swing_gate:type": null, "material": null, "cycleway:surface:colour": null, "crossing:signed": null, "traffic_sign:variable:backward": null, "traffic_sign:technology:backward": null, "traffic_sign:backward": null, "traffic_sign:variable:forward": null, "traffic_sign:technology:forward": null, "access:conditional": null, "kerb:right": null, "kerb:left": null, "crosswalk": null, "source:official_ref": null, "operator:wikipedia": null, "operator:type": null, "operator:en": null, "opening_hours": null, "lanes": null, "carriageway_ref:colour": null, "was:traffic_signals:vibration": null, "was:traffic_signals:sound": null, "was:tactile_paving": null, "was:crossing:signals": null, "was:crossing:markings": null, "was:crossing": null, "was:button_operated": null, "lift_gate:type": null, "level": null, "ref:FR:FANTOIR": null, "source:maxheight": null, "give_way:direction": null, "disused:traffic_signals": null, "STIF:zone": null, "maxspeed:variable": null, "panoramax:0": null, "construction": null, "stop_line": null, "proposed:name": null, "bicycle_parking:capacity": null, "noexit": null, "check_date:kerb": null, "brand:wikidata": null, "brand": null, "implicit": null, "check_date:traffic_signals:vibration": null, "bicycle_parking": null, "url": null, "mintrackwidth": null, "bridge:support": null, "construction:highway": null, "crossing:saltire": null, "position": null, "hazard": null, "check_date:bin": null, "check_date:bench": null, "pole": null, "tram": null, "reg_name": null, "image": null, "panoramax": null, "red_turn:straight:bicycle": null, "zone:traffic": null, "zone:De_Lijn": null, "route_ref:Flixbus": null, "route_ref:De_Lijn": null, "ref:De_Lijn": null, "name:operator:De_Lijn": null, "train": null, "public_transport:version": null, "facebook": null, "highway:forward": null, "highway:backward": null, "maxheight:signed": null, "wheelchair:description:en": null, "wheelchair:description": null, "cycleway": null, "vehicle": null, "phone": null, "maxheight": null, "entrance": null, "capacity:car": null, "capacity:bus": null, "addr:street": null, "addr:postcode": null, "red_turn:right:bicycle": null, "maxwidth:physical": null, "bus_bay": null, "source:traffic_sign": null, "supervised": null, "traffic_signals:countdown": null, "open": null, "timetable": null, "psv": null, "moped": null, "mofa": null, "emergency": null, "parking": null, "fee": null, "access": null, "official_name": null, "road_marking:direction": null, "road_marking": null, "name:etymology:wikidata": null, "bollard": null, "ref:FR:SNCF_Reseau:RESEAU": null, "railway:position:exact": null, "crossing:light": null, "crossing:bell": null, "crossing:barrier": null, "crossing:activation": null, "proposed:highway": null, "contact:website": null, "cxx:id": null, "cxx:code": null, "speisebezirk": null, "motor_vehicle": null, "footway:crossing:markings": null, "cycleway:crossing:markings": null, "maxspeed:reason": null, "check_date:shelter": null, "source:date": null, "lit": null, "network:wikipedia": null, "network:short": null, "ref_name": null, "note:bus_routes": null, "note:route_ref": null, "traffic_signals:arrow": null, "network:zone": null, "bus_routes": null, "crossing_ref": null, "destination:ref": null, "guidepost": null, "local_ref": null, "old_name": null, "monitoring:traffic": null, "surface": null, "minspeed": null, "maxspeed:hgv:conditional": null, "source:maxspeed": null, "toll": null, "source:url": null, "was:ref": null, "disused:highway": null, "website": null, "check_date:traffic_signals:sound": null, "old_name:-2009": null, "highway_1": null, "enforcement": null, "wikimedia_commons": null, "disused:public_transport": null, "mapillary": null, "survey:date": null, "operator:rcn": null, "expected_rcn_route_relations": null, "carriageway_ref": null, "priority": null, "passenger_information_display": null, "departures_board": null, "bin": null, "bench": null, "ref:NBd": null, "junction": null, "wheelchair": null, "shelter": null, "ref:IFOPT": null, "operator:rwn": null, "comment": null, "bicycle_bypass": null, "covered": null, "stop_position": null, "city_limit": null, "horse": null, "network:wikidata": null, "route_ref": null, "amenity": null, "traffic_sign:direction": null, "zone": null, "rwn_ref": null, "expected_rwn_route_relations": null, "traffic_calming": null, "segregated": null, "noname": null, "public_transport": "stop_position", "network": null, "bus": "yes", "traffic_signals": null, "traffic_signals:direction": null, "traffic_sign:forward": null, "side": null, "direction": null, "foot": null, "check_date:crossing": null, "alt_name": null, "surveillance:zone": null, "surveillance:type": null, "camera:type": null, "surveillance": null, "man_made": null, "description": null, "source:nat_ref": null, "operator:abbr": null, "loc_name": null, "source:name": null, "maxspeed": null, "layer": null, "TMC:cid_58:tabcd_1:TypeName:loc": null, "TMC:cid_58:tabcd_1:TypeName": null, "check_date": null, "rcn_ref": null, "network:type": null, "railway": null, "traffic_signals:vibration": null, "check_date:tactile_paving": null, "button_operated": null, "bicycle": null, "traffic_signals:sound": null, "tactile_paving": null, "kerb": null, "crossing:signals": null, "crossing:markings": null, "crossing:island": null, "crossing": null, "payment:brobizz": null, "name:de": null, "name:da": null, "wikipedia:fr": null, "wikipedia": null, "wikidata": null, "start_date": null, "name:nl": null, "name:fr": null, "name:en": null, "junction_name": null, "ele": null, "destination:lang:nl": null, "destination:lang:fr": null, "noref": null, "operator:ref": null, "highway:ref": null, "barrier": null, "toll:hgv": null, "ref:highway": null, "operator:wikidata": null, "operator": null, "nat_ref": null, "distance": null, "traffic_sign": null, "TMC:cid_58:tabcd_1:PrevLocationCode": null, "TMC:cid_58:tabcd_1:NextLocationCode": null, "TMC:cid_58:tabcd_1:LocationCode": null, "TMC:cid_58:tabcd_1:LCLversion": null, "TMC:cid_58:tabcd_1:Direction": null, "TMC:cid_58:tabcd_1:Class": null, "ref": null, "destination": null, "name": "Rotterdam, Schielaan", "highway": null, "exit_to:right": null, "exit_to:left": null }, "geometry": { "type": "Point", "coordinates": [ 4.4193601, 51.9435633 ] } },
{ "type": "Feature", "properties": { "fid": 3237, "full_id": "n1620875547", "osm_id": "1620875547", "osm_type": "node", "flashing_lights": null, "traffic_signals:shoulder:right": null, "traffic_signals:lanes": null, "passing_place": null, "maxspeed:conditional": null, "not:highway": null, "country": null, "name:forward": null, "name:backward": null, "name:tr": null, "related_law:url": null, "related_law": null, "payment:others": null, "payment:license_plate:website:nl": null, "payment:license_plate:website:en": null, "payment:license_plate:website": null, "payment:license_plate": null, "payment:ideal": null, "payment:credit_cards": null, "note:charge": null, "description:nl": null, "description:en": null, "description:de": null, "check_date:charge": null, "charge:tourist_bus": null, "charge:hgv": null, "charge:bus": null, "charge": null, "brand:website": null, "locked": null, "swing_gate:type": null, "material": null, "cycleway:surface:colour": null, "crossing:signed": null, "traffic_sign:variable:backward": null, "traffic_sign:technology:backward": null, "traffic_sign:backward": null, "traffic_sign:variable:forward": null, "traffic_sign:technology:forward": null, "access:conditional": null, "kerb:right": null, "kerb:left": null, "crosswalk": null, "source:official_ref": null, "operator:wikipedia": null, "operator:type": null, "operator:en": null, "opening_hours": null, "lanes": null, "carriageway_ref:colour": null, "was:traffic_signals:vibration": null, "was:traffic_signals:sound": null, "was:tactile_paving": null, "was:crossing:signals": null, "was:crossing:markings": null, "was:crossing": null, "was:button_operated": null, "lift_gate:type": null, "level": null, "ref:FR:FANTOIR": null, "source:maxheight": null, "give_way:direction": null, "disused:traffic_signals": null, "STIF:zone": null, "maxspeed:variable": null, "panoramax:0": null, "construction": null, "stop_line": null, "proposed:name": null, "bicycle_parking:capacity": null, "noexit": null, "check_date:kerb": null, "brand:wikidata": null, "brand": null, "implicit": null, "check_date:traffic_signals:vibration": null, "bicycle_parking": null, "url": null, "mintrackwidth": null, "bridge:support": null, "construction:highway": null, "crossing:saltire": null, "position": null, "hazard": null, "check_date:bin": null, "check_date:bench": null, "pole": null, "tram": null, "reg_name": null, "image": null, "panoramax": null, "red_turn:straight:bicycle": null, "zone:traffic": null, "zone:De_Lijn": null, "route_ref:Flixbus": null, "route_ref:De_Lijn": null, "ref:De_Lijn": null, "name:operator:De_Lijn": null, "train": null, "public_transport:version": null, "facebook": null, "highway:forward": null, "highway:backward": null, "maxheight:signed": null, "wheelchair:description:en": null, "wheelchair:description": null, "cycleway": null, "vehicle": null, "phone": null, "maxheight": null, "entrance": null, "capacity:car": null, "capacity:bus": null, "addr:street": null, "addr:postcode": null, "red_turn:right:bicycle": null, "maxwidth:physical": null, "bus_bay": null, "source:traffic_sign": null, "supervised": null, "traffic_signals:countdown": null, "open": null, "timetable": null, "psv": null, "moped": null, "mofa": null, "emergency": null, "parking": null, "fee": null, "access": null, "official_name": null, "road_marking:direction": null, "road_marking": null, "name:etymology:wikidata": null, "bollard": null, "ref:FR:SNCF_Reseau:RESEAU": null, "railway:position:exact": null, "crossing:light": null, "crossing:bell": null, "crossing:barrier": null, "crossing:activation": null, "proposed:highway": null, "contact:website": null, "cxx:id": null, "cxx:code": null, "speisebezirk": null, "motor_vehicle": null, "footway:crossing:markings": null, "cycleway:crossing:markings": null, "maxspeed:reason": null, "check_date:shelter": null, "source:date": null, "lit": null, "network:wikipedia": null, "network:short": null, "ref_name": null, "note:bus_routes": null, "note:route_ref": null, "traffic_signals:arrow": null, "network:zone": null, "bus_routes": null, "crossing_ref": null, "destination:ref": null, "guidepost": null, "local_ref": null, "old_name": null, "monitoring:traffic": null, "surface": null, "minspeed": null, "maxspeed:hgv:conditional": null, "source:maxspeed": null, "toll": null, "source:url": null, "was:ref": null, "disused:highway": null, "website": null, "check_date:traffic_signals:sound": null, "old_name:-2009": null, "highway_1": null, "enforcement": null, "wikimedia_commons": null, "disused:public_transport": null, "mapillary": null, "survey:date": null, "operator:rcn": null, "expected_rcn_route_relations": null, "carriageway_ref": null, "priority": null, "passenger_information_display": null, "departures_board": null, "bin": null, "bench": null, "ref:NBd": null, "junction": null, "wheelchair": null, "shelter": null, "ref:IFOPT": null, "operator:rwn": null, "comment": null, "bicycle_bypass": null, "covered": null, "stop_position": null, "city_limit": null, "horse": null, "network:wikidata": null, "route_ref": null, "amenity": null, "traffic_sign:direction": null, "zone": null, "rwn_ref": null, "expected_rwn_route_relations": null, "traffic_calming": null, "segregated": null, "noname": null, "public_transport": "stop_position", "network": null, "bus": "yes", "traffic_signals": null, "traffic_signals:direction": null, "traffic_sign:forward": null, "side": null, "direction": null, "foot": null, "check_date:crossing": null, "alt_name": null, "surveillance:zone": null, "surveillance:type": null, "camera:type": null, "surveillance": null, "man_made": null, "description": null, "source:nat_ref": null, "operator:abbr": null, "loc_name": null, "source:name": null, "maxspeed": null, "layer": null, "TMC:cid_58:tabcd_1:TypeName:loc": null, "TMC:cid_58:tabcd_1:TypeName": null, "check_date": null, "rcn_ref": null, "network:type": null, "railway": null, "traffic_signals:vibration": null, "check_date:tactile_paving": null, "button_operated": null, "bicycle": null, "traffic_signals:sound": null, "tactile_paving": null, "kerb": null, "crossing:signals": null, "crossing:markings": null, "crossing:island": null, "crossing": null, "payment:brobizz": null, "name:de": null, "name:da": null, "wikipedia:fr": null, "wikipedia": null, "wikidata": null, "start_date": null, "name:nl": null, "name:fr": null, "name:en": null, "junction_name": null, "ele": null, "destination:lang:nl": null, "destination:lang:fr": null, "noref": null, "operator:ref": null, "highway:ref": null, "barrier": null, "toll:hgv": null, "ref:highway": null, "operator:wikidata": null, "operator": null, "nat_ref": null, "distance": null, "traffic_sign": null, "TMC:cid_58:tabcd_1:PrevLocationCode": null, "TMC:cid_58:tabcd_1:NextLocationCode": null, "TMC:cid_58:tabcd_1:LocationCode": null, "TMC:cid_58:tabcd_1:LCLversion": null, "TMC:cid_58:tabcd_1:Direction": null, "TMC:cid_58:tabcd_1:Class": null, "ref": null, "destination": null, "name": "Delft, Scheepswerf Bocxe", "highway": null, "exit_to:right": null, "exit_to:left": null }, "geometry": { "type": "Point", "coordinates": [ 4.379878, 51.9813646 ] } },
{ "type": "Feature", "properties": { "fid": 3241, "full_id": "n1621662866", "osm_id": "1621662866", "osm_type": "node", "flashing_lights": null, "traffic_signals:shoulder:right": null, "traffic_signals:lanes": null, "passing_place": null, "maxspeed:conditional": null, "not:highway": null, "country": null, "name:forward": null, "name:backward": null, "name:tr": null, "related_law:url": null, "related_law": null, "payment:others": null, "payment:license_plate:website:nl": null, "payment:license_plate:website:en": null, "payment:license_plate:website": null, "payment:license_plate": null, "payment:ideal": null, "payment:credit_cards": null, "note:charge": null, "description:nl": null, "description:en": null, "description:de": null, "check_date:charge": null, "charge:tourist_bus": null, "charge:hgv": null, "charge:bus": null, "charge": null, "brand:website": null, "locked": null, "swing_gate:type": null, "material": null, "cycleway:surface:colour": null, "crossing:signed": null, "traffic_sign:variable:backward": null, "traffic_sign:technology:backward": null, "traffic_sign:backward": null, "traffic_sign:variable:forward": null, "traffic_sign:technology:forward": null, "access:conditional": null, "kerb:right": null, "kerb:left": null, "crosswalk": null, "source:official_ref": null, "operator:wikipedia": null, "operator:type": null, "operator:en": null, "opening_hours": null, "lanes": null, "carriageway_ref:colour": null, "was:traffic_signals:vibration": null, "was:traffic_signals:sound": null, "was:tactile_paving": null, "was:crossing:signals": null, "was:crossing:markings": null, "was:crossing": null, "was:button_operated": null, "lift_gate:type": null, "level": null, "ref:FR:FANTOIR": null, "source:maxheight": null, "give_way:direction": null, "disused:traffic_signals": null, "STIF:zone": null, "maxspeed:variable": null, "panoramax:0": null, "construction": null, "stop_line": null, "proposed:name": null, "bicycle_parking:capacity": null, "noexit": null, "check_date:kerb": null, "brand:wikidata": null, "brand": null, "implicit": null, "check_date:traffic_signals:vibration": null, "bicycle_parking": null, "url": null, "mintrackwidth": null, "bridge:support": null, "construction:highway": null, "crossing:saltire": null, "position": null, "hazard": null, "check_date:bin": null, "check_date:bench": null, "pole": null, "tram": null, "reg_name": null, "image": null, "panoramax": null, "red_turn:straight:bicycle": null, "zone:traffic": null, "zone:De_Lijn": null, "route_ref:Flixbus": null, "route_ref:De_Lijn": null, "ref:De_Lijn": null, "name:operator:De_Lijn": null, "train": null, "public_transport:version": null, "facebook": null, "highway:forward": null, "highway:backward": null, "maxheight:signed": null, "wheelchair:description:en": null, "wheelchair:description": null, "cycleway": null, "vehicle": null, "phone": null, "maxheight": null, "entrance": null, "capacity:car": null, "capacity:bus": null, "addr:street": null, "addr:postcode": null, "red_turn:right:bicycle": null, "maxwidth:physical": null, "bus_bay": null, "source:traffic_sign": null, "supervised": null, "traffic_signals:countdown": null, "open": null, "timetable": null, "psv": null, "moped": null, "mofa": null, "emergency": null, "parking": null, "fee": null, "access": null, "official_name": null, "road_marking:direction": null, "road_marking": null, "name:etymology:wikidata": null, "bollard": null, "ref:FR:SNCF_Reseau:RESEAU": null, "railway:position:exact": null, "crossing:light": null, "crossing:bell": null, "crossing:barrier": null, "crossing:activation": null, "proposed:highway": null, "contact:website": null, "cxx:id": null, "cxx:code": null, "speisebezirk": null, "motor_vehicle": null, "footway:crossing:markings": null, "cycleway:crossing:markings": null, "maxspeed:reason": null, "check_date:shelter": null, "source:date": null, "lit": null, "network:wikipedia": null, "network:short": null, "ref_name": null, "note:bus_routes": null, "note:route_ref": null, "traffic_signals:arrow": null, "network:zone": null, "bus_routes": null, "crossing_ref": null, "destination:ref": null, "guidepost": null, "local_ref": null, "old_name": null, "monitoring:traffic": null, "surface": null, "minspeed": null, "maxspeed:hgv:conditional": null, "source:maxspeed": null, "toll": null, "source:url": null, "was:ref": null, "disused:highway": null, "website": null, "check_date:traffic_signals:sound": null, "old_name:-2009": null, "highway_1": null, "enforcement": null, "wikimedia_commons": null, "disused:public_transport": null, "mapillary": null, "survey:date": null, "operator:rcn": null, "expected_rcn_route_relations": null, "carriageway_ref": null, "priority": null, "passenger_information_display": null, "departures_board": null, "bin": null, "bench": "no", "ref:NBd": null, "junction": null, "wheelchair": null, "shelter": "no", "ref:IFOPT": "NL:Q:31003607", "operator:rwn": null, "comment": null, "bicycle_bypass": null, "covered": null, "stop_position": null, "city_limit": null, "horse": null, "network:wikidata": null, "route_ref": null, "amenity": null, "traffic_sign:direction": null, "zone": "5325", "rwn_ref": null, "expected_rwn_route_relations": null, "traffic_calming": null, "segregated": null, "noname": null, "public_transport": "platform", "network": null, "bus": "yes", "traffic_signals": null, "traffic_signals:direction": null, "traffic_sign:forward": null, "side": null, "direction": null, "foot": null, "check_date:crossing": null, "alt_name": null, "surveillance:zone": null, "surveillance:type": null, "camera:type": null, "surveillance": null, "man_made": null, "description": null, "source:nat_ref": null, "operator:abbr": null, "loc_name": null, "source:name": null, "maxspeed": null, "layer": null, "TMC:cid_58:tabcd_1:TypeName:loc": null, "TMC:cid_58:tabcd_1:TypeName": null, "check_date": null, "rcn_ref": null, "network:type": null, "railway": null, "traffic_signals:vibration": null, "check_date:tactile_paving": null, "button_operated": null, "bicycle": null, "traffic_signals:sound": null, "tactile_paving": null, "kerb": null, "crossing:signals": null, "crossing:markings": null, "crossing:island": null, "crossing": null, "payment:brobizz": null, "name:de": null, "name:da": null, "wikipedia:fr": null, "wikipedia": null, "wikidata": null, "start_date": null, "name:nl": null, "name:fr": null, "name:en": null, "junction_name": null, "ele": null, "destination:lang:nl": null, "destination:lang:fr": null, "noref": null, "operator:ref": null, "highway:ref": null, "barrier": null, "toll:hgv": null, "ref:highway": null, "operator:wikidata": null, "operator": null, "nat_ref": null, "distance": null, "traffic_sign": null, "TMC:cid_58:tabcd_1:PrevLocationCode": null, "TMC:cid_58:tabcd_1:NextLocationCode": null, "TMC:cid_58:tabcd_1:LocationCode": null, "TMC:cid_58:tabcd_1:LCLversion": null, "TMC:cid_58:tabcd_1:Direction": null, "TMC:cid_58:tabcd_1:Class": null, "ref": null, "destination": null, "name": "Halfwege", "highway": "bus_stop", "exit_to:right": null, "exit_to:left": null }, "geometry": { "type": "Point", "coordinates": [ 4.3899719, 51.968014 ] } },
{ "type": "Feature", "properties": { "fid": 3242, "full_id": "n1621662871", "osm_id": "1621662871", "osm_type": "node", "flashing_lights": null, "traffic_signals:shoulder:right": null, "traffic_signals:lanes": null, "passing_place": null, "maxspeed:conditional": null, "not:highway": null, "country": null, "name:forward": null, "name:backward": null, "name:tr": null, "related_law:url": null, "related_law": null, "payment:others": null, "payment:license_plate:website:nl": null, "payment:license_plate:website:en": null, "payment:license_plate:website": null, "payment:license_plate": null, "payment:ideal": null, "payment:credit_cards": null, "note:charge": null, "description:nl": null, "description:en": null, "description:de": null, "check_date:charge": null, "charge:tourist_bus": null, "charge:hgv": null, "charge:bus": null, "charge": null, "brand:website": null, "locked": null, "swing_gate:type": null, "material": null, "cycleway:surface:colour": null, "crossing:signed": null, "traffic_sign:variable:backward": null, "traffic_sign:technology:backward": null, "traffic_sign:backward": null, "traffic_sign:variable:forward": null, "traffic_sign:technology:forward": null, "access:conditional": null, "kerb:right": null, "kerb:left": null, "crosswalk": null, "source:official_ref": null, "operator:wikipedia": null, "operator:type": null, "operator:en": null, "opening_hours": null, "lanes": null, "carriageway_ref:colour": null, "was:traffic_signals:vibration": null, "was:traffic_signals:sound": null, "was:tactile_paving": null, "was:crossing:signals": null, "was:crossing:markings": null, "was:crossing": null, "was:button_operated": null, "lift_gate:type": null, "level": null, "ref:FR:FANTOIR": null, "source:maxheight": null, "give_way:direction": null, "disused:traffic_signals": null, "STIF:zone": null, "maxspeed:variable": null, "panoramax:0": null, "construction": null, "stop_line": null, "proposed:name": null, "bicycle_parking:capacity": null, "noexit": null, "check_date:kerb": null, "brand:wikidata": null, "brand": null, "implicit": null, "check_date:traffic_signals:vibration": null, "bicycle_parking": null, "url": null, "mintrackwidth": null, "bridge:support": null, "construction:highway": null, "crossing:saltire": null, "position": null, "hazard": null, "check_date:bin": null, "check_date:bench": null, "pole": null, "tram": null, "reg_name": null, "image": null, "panoramax": null, "red_turn:straight:bicycle": null, "zone:traffic": null, "zone:De_Lijn": null, "route_ref:Flixbus": null, "route_ref:De_Lijn": null, "ref:De_Lijn": null, "name:operator:De_Lijn": null, "train": null, "public_transport:version": null, "facebook": null, "highway:forward": null, "highway:backward": null, "maxheight:signed": null, "wheelchair:description:en": null, "wheelchair:description": null, "cycleway": null, "vehicle": null, "phone": null, "maxheight": null, "entrance": null, "capacity:car": null, "capacity:bus": null, "addr:street": null, "addr:postcode": null, "red_turn:right:bicycle": null, "maxwidth:physical": null, "bus_bay": null, "source:traffic_sign": null, "supervised": null, "traffic_signals:countdown": null, "open": null, "timetable": null, "psv": null, "moped": null, "mofa": null, "emergency": null, "parking": null, "fee": null, "access": null, "official_name": null, "road_marking:direction": null, "road_marking": null, "name:etymology:wikidata": null, "bollard": null, "ref:FR:SNCF_Reseau:RESEAU": null, "railway:position:exact": null, "crossing:light": null, "crossing:bell": null, "crossing:barrier": null, "crossing:activation": null, "proposed:highway": null, "contact:website": null, "cxx:id": null, "cxx:code": null, "speisebezirk": null, "motor_vehicle": null, "footway:crossing:markings": null, "cycleway:crossing:markings": null, "maxspeed:reason": null, "check_date:shelter": null, "source:date": null, "lit": null, "network:wikipedia": null, "network:short": null, "ref_name": null, "note:bus_routes": null, "note:route_ref": null, "traffic_signals:arrow": null, "network:zone": null, "bus_routes": null, "crossing_ref": null, "destination:ref": null, "guidepost": null, "local_ref": null, "old_name": null, "monitoring:traffic": null, "surface": null, "minspeed": null, "maxspeed:hgv:conditional": null, "source:maxspeed": null, "toll": null, "source:url": null, "was:ref": null, "disused:highway": null, "website": null, "check_date:traffic_signals:sound": null, "old_name:-2009": null, "highway_1": null, "enforcement": null, "wikimedia_commons": null, "disused:public_transport": null, "mapillary": null, "survey:date": null, "operator:rcn": null, "expected_rcn_route_relations": null, "carriageway_ref": null, "priority": null, "passenger_information_display": null, "departures_board": null, "bin": null, "bench": null, "ref:NBd": null, "junction": null, "wheelchair": null, "shelter": null, "ref:IFOPT": null, "operator:rwn": null, "comment": null, "bicycle_bypass": null, "covered": null, "stop_position": null, "city_limit": null, "horse": null, "network:wikidata": null, "route_ref": null, "amenity": null, "traffic_sign:direction": null, "zone": null, "rwn_ref": null, "expected_rwn_route_relations": null, "traffic_calming": null, "segregated": null, "noname": null, "public_transport": "stop_position", "network": null, "bus": "yes", "traffic_signals": null, "traffic_signals:direction": null, "traffic_sign:forward": null, "side": null, "direction": null, "foot": null, "check_date:crossing": null, "alt_name": null, "surveillance:zone": null, "surveillance:type": null, "camera:type": null, "surveillance": null, "man_made": null, "description": null, "source:nat_ref": null, "operator:abbr": null, "loc_name": null, "source:name": null, "maxspeed": null, "layer": null, "TMC:cid_58:tabcd_1:TypeName:loc": null, "TMC:cid_58:tabcd_1:TypeName": null, "check_date": null, "rcn_ref": null, "network:type": null, "railway": null, "traffic_signals:vibration": null, "check_date:tactile_paving": null, "button_operated": null, "bicycle": null, "traffic_signals:sound": null, "tactile_paving": null, "kerb": null, "crossing:signals": null, "crossing:markings": null, "crossing:island": null, "crossing": null, "payment:brobizz": null, "name:de": null, "name:da": null, "wikipedia:fr": null, "wikipedia": null, "wikidata": null, "start_date": null, "name:nl": null, "name:fr": null, "name:en": null, "junction_name": null, "ele": null, "destination:lang:nl": null, "destination:lang:fr": null, "noref": null, "operator:ref": null, "highway:ref": null, "barrier": null, "toll:hgv": null, "ref:highway": null, "operator:wikidata": null, "operator": null, "nat_ref": null, "distance": null, "traffic_sign": null, "TMC:cid_58:tabcd_1:PrevLocationCode": null, "TMC:cid_58:tabcd_1:NextLocationCode": null, "TMC:cid_58:tabcd_1:LocationCode": null, "TMC:cid_58:tabcd_1:LCLversion": null, "TMC:cid_58:tabcd_1:Direction": null, "TMC:cid_58:tabcd_1:Class": null, "ref": null, "destination": null, "name": "Rotterdam, Hofwijk", "highway": null, "exit_to:right": null, "exit_to:left": null }, "geometry": { "type": "Point", "coordinates": [ 4.3985386, 51.9572175 ] } },
{ "type": "Feature", "properties": { "fid": 5524, "full_id": "n3887796705", "osm_id": "3887796705", "osm_type": "node", "flashing_lights": null, "traffic_signals:shoulder:right": null, "traffic_signals:lanes": null, "passing_place": null, "maxspeed:conditional": null, "not:highway": null, "country": null, "name:forward": null, "name:backward": null, "name:tr": null, "related_law:url": null, "related_law": null, "payment:others": null, "payment:license_plate:website:nl": null, "payment:license_plate:website:en": null, "payment:license_plate:website": null, "payment:license_plate": null, "payment:ideal": null, "payment:credit_cards": null, "note:charge": null, "description:nl": null, "description:en": null, "description:de": null, "check_date:charge": null, "charge:tourist_bus": null, "charge:hgv": null, "charge:bus": null, "charge": null, "brand:website": null, "locked": null, "swing_gate:type": null, "material": null, "cycleway:surface:colour": null, "crossing:signed": null, "traffic_sign:variable:backward": null, "traffic_sign:technology:backward": null, "traffic_sign:backward": null, "traffic_sign:variable:forward": null, "traffic_sign:technology:forward": null, "access:conditional": null, "kerb:right": null, "kerb:left": null, "crosswalk": null, "source:official_ref": null, "operator:wikipedia": null, "operator:type": null, "operator:en": null, "opening_hours": null, "lanes": null, "carriageway_ref:colour": null, "was:traffic_signals:vibration": null, "was:traffic_signals:sound": null, "was:tactile_paving": null, "was:crossing:signals": null, "was:crossing:markings": null, "was:crossing": null, "was:button_operated": null, "lift_gate:type": null, "level": null, "ref:FR:FANTOIR": null, "source:maxheight": null, "give_way:direction": null, "disused:traffic_signals": null, "STIF:zone": null, "maxspeed:variable": null, "panoramax:0": null, "construction": null, "stop_line": null, "proposed:name": null, "bicycle_parking:capacity": null, "noexit": null, "check_date:kerb": null, "brand:wikidata": null, "brand": null, "implicit": null, "check_date:traffic_signals:vibration": null, "bicycle_parking": null, "url": null, "mintrackwidth": null, "bridge:support": null, "construction:highway": null, "crossing:saltire": null, "position": null, "hazard": null, "check_date:bin": null, "check_date:bench": null, "pole": null, "tram": null, "reg_name": null, "image": null, "panoramax": null, "red_turn:straight:bicycle": null, "zone:traffic": null, "zone:De_Lijn": null, "route_ref:Flixbus": null, "route_ref:De_Lijn": null, "ref:De_Lijn": null, "name:operator:De_Lijn": null, "train": null, "public_transport:version": null, "facebook": null, "highway:forward": null, "highway:backward": null, "maxheight:signed": null, "wheelchair:description:en": null, "wheelchair:description": null, "cycleway": null, "vehicle": null, "phone": null, "maxheight": null, "entrance": null, "capacity:car": null, "capacity:bus": null, "addr:street": null, "addr:postcode": null, "red_turn:right:bicycle": null, "maxwidth:physical": null, "bus_bay": null, "source:traffic_sign": null, "supervised": null, "traffic_signals:countdown": null, "open": null, "timetable": null, "psv": null, "moped": null, "mofa": null, "emergency": null, "parking": null, "fee": null, "access": null, "official_name": null, "road_marking:direction": null, "road_marking": null, "name:etymology:wikidata": null, "bollard": null, "ref:FR:SNCF_Reseau:RESEAU": null, "railway:position:exact": null, "crossing:light": null, "crossing:bell": null, "crossing:barrier": null, "crossing:activation": null, "proposed:highway": null, "contact:website": null, "cxx:id": null, "cxx:code": null, "speisebezirk": null, "motor_vehicle": null, "footway:crossing:markings": null, "cycleway:crossing:markings": null, "maxspeed:reason": null, "check_date:shelter": null, "source:date": null, "lit": "yes", "network:wikipedia": null, "network:short": null, "ref_name": null, "note:bus_routes": null, "note:route_ref": null, "traffic_signals:arrow": null, "network:zone": null, "bus_routes": null, "crossing_ref": null, "destination:ref": null, "guidepost": null, "local_ref": "FF", "old_name": null, "monitoring:traffic": null, "surface": null, "minspeed": null, "maxspeed:hgv:conditional": null, "source:maxspeed": null, "toll": null, "source:url": null, "was:ref": null, "disused:highway": null, "website": null, "check_date:traffic_signals:sound": null, "old_name:-2009": null, "highway_1": null, "enforcement": null, "wikimedia_commons": null, "disused:public_transport": null, "mapillary": null, "survey:date": null, "operator:rcn": null, "expected_rcn_route_relations": null, "carriageway_ref": null, "priority": null, "passenger_information_display": null, "departures_board": null, "bin": "yes", "bench": "yes", "ref:NBd": null, "junction": null, "wheelchair": null, "shelter": "yes", "ref:IFOPT": "NL:Q:31003946", "operator:rwn": null, "comment": null, "bicycle_bypass": null, "covered": null, "stop_position": null, "city_limit": null, "horse": null, "network:wikidata": null, "route_ref": null, "amenity": null, "traffic_sign:direction": null, "zone": "5300", "rwn_ref": null, "expected_rwn_route_relations": null, "traffic_calming": null, "segregated": null, "noname": null, "public_transport": "platform", "network": null, "bus": "yes", "traffic_signals": null, "traffic_signals:direction": null, "traffic_sign:forward": null, "side": null, "direction": null, "foot": null, "check_date:crossing": null, "alt_name": null, "surveillance:zone": null, "surveillance:type": null, "camera:type": null, "surveillance": null, "man_made": null, "description": null, "source:nat_ref": null, "operator:abbr": null, "loc_name": null, "source:name": null, "maxspeed": null, "layer": null, "TMC:cid_58:tabcd_1:TypeName:loc": null, "TMC:cid_58:tabcd_1:TypeName": null, "check_date": null, "rcn_ref": null, "network:type": null, "railway": null, "traffic_signals:vibration": null, "check_date:tactile_paving": null, "button_operated": null, "bicycle": null, "traffic_signals:sound": null, "tactile_paving": "yes", "kerb": null, "crossing:signals": null, "crossing:markings": null, "crossing:island": null, "crossing": null, "payment:brobizz": null, "name:de": null, "name:da": null, "wikipedia:fr": null, "wikipedia": null, "wikidata": null, "start_date": null, "name:nl": null, "name:fr": null, "name:en": null, "junction_name": null, "ele": null, "destination:lang:nl": null, "destination:lang:fr": null, "noref": null, "operator:ref": null, "highway:ref": null, "barrier": null, "toll:hgv": null, "ref:highway": null, "operator:wikidata": null, "operator": null, "nat_ref": null, "distance": null, "traffic_sign": null, "TMC:cid_58:tabcd_1:PrevLocationCode": null, "TMC:cid_58:tabcd_1:NextLocationCode": null, "TMC:cid_58:tabcd_1:LocationCode": null, "TMC:cid_58:tabcd_1:LCLversion": null, "TMC:cid_58:tabcd_1:Direction": null, "TMC:cid_58:tabcd_1:Class": null, "ref": null, "destination": null, "name": "Rotterdam Centraal", "highway": "bus_stop", "exit_to:right": null, "exit_to:left": null }, "geometry": { "type": "Point", "coordinates": [ 4.4673537, 51.9235982 ] } },
{ "type": "Feature", "properties": { "fid": 6057, "full_id": "n4241256235", "osm_id": "4241256235", "osm_type": "node", "flashing_lights": null, "traffic_signals:shoulder:right": null, "traffic_signals:lanes": null, "passing_place": null, "maxspeed:conditional": null, "not:highway": null, "country": null, "name:forward": null, "name:backward": null, "name:tr": null, "related_law:url": null, "related_law": null, "payment:others": null, "payment:license_plate:website:nl": null, "payment:license_plate:website:en": null, "payment:license_plate:website": null, "payment:license_plate": null, "payment:ideal": null, "payment:credit_cards": null, "note:charge": null, "description:nl": null, "description:en": null, "description:de": null, "check_date:charge": null, "charge:tourist_bus": null, "charge:hgv": null, "charge:bus": null, "charge": null, "brand:website": null, "locked": null, "swing_gate:type": null, "material": null, "cycleway:surface:colour": null, "crossing:signed": null, "traffic_sign:variable:backward": null, "traffic_sign:technology:backward": null, "traffic_sign:backward": null, "traffic_sign:variable:forward": null, "traffic_sign:technology:forward": null, "access:conditional": null, "kerb:right": null, "kerb:left": null, "crosswalk": null, "source:official_ref": null, "operator:wikipedia": null, "operator:type": null, "operator:en": null, "opening_hours": null, "lanes": null, "carriageway_ref:colour": null, "was:traffic_signals:vibration": null, "was:traffic_signals:sound": null, "was:tactile_paving": null, "was:crossing:signals": null, "was:crossing:markings": null, "was:crossing": null, "was:button_operated": null, "lift_gate:type": null, "level": null, "ref:FR:FANTOIR": null, "source:maxheight": null, "give_way:direction": null, "disused:traffic_signals": null, "STIF:zone": null, "maxspeed:variable": null, "panoramax:0": null, "construction": null, "stop_line": null, "proposed:name": null, "bicycle_parking:capacity": null, "noexit": null, "check_date:kerb": null, "brand:wikidata": null, "brand": null, "implicit": null, "check_date:traffic_signals:vibration": null, "bicycle_parking": null, "url": null, "mintrackwidth": null, "bridge:support": null, "construction:highway": null, "crossing:saltire": null, "position": null, "hazard": null, "check_date:bin": null, "check_date:bench": null, "pole": null, "tram": null, "reg_name": null, "image": null, "panoramax": null, "red_turn:straight:bicycle": null, "zone:traffic": null, "zone:De_Lijn": null, "route_ref:Flixbus": null, "route_ref:De_Lijn": null, "ref:De_Lijn": null, "name:operator:De_Lijn": null, "train": null, "public_transport:version": null, "facebook": null, "highway:forward": null, "highway:backward": null, "maxheight:signed": null, "wheelchair:description:en": null, "wheelchair:description": null, "cycleway": null, "vehicle": null, "phone": null, "maxheight": null, "entrance": null, "capacity:car": null, "capacity:bus": null, "addr:street": null, "addr:postcode": null, "red_turn:right:bicycle": null, "maxwidth:physical": null, "bus_bay": null, "source:traffic_sign": null, "supervised": null, "traffic_signals:countdown": null, "open": null, "timetable": null, "psv": null, "moped": null, "mofa": null, "emergency": null, "parking": null, "fee": null, "access": null, "official_name": null, "road_marking:direction": null, "road_marking": null, "name:etymology:wikidata": null, "bollard": null, "ref:FR:SNCF_Reseau:RESEAU": null, "railway:position:exact": null, "crossing:light": null, "crossing:bell": null, "crossing:barrier": null, "crossing:activation": null, "proposed:highway": null, "contact:website": null, "cxx:id": null, "cxx:code": null, "speisebezirk": null, "motor_vehicle": null, "footway:crossing:markings": null, "cycleway:crossing:markings": null, "maxspeed:reason": null, "check_date:shelter": null, "source:date": null, "lit": null, "network:wikipedia": null, "network:short": null, "ref_name": null, "note:bus_routes": null, "note:route_ref": null, "traffic_signals:arrow": null, "network:zone": null, "bus_routes": null, "crossing_ref": null, "destination:ref": null, "guidepost": null, "local_ref": null, "old_name": null, "monitoring:traffic": null, "surface": null, "minspeed": null, "maxspeed:hgv:conditional": null, "source:maxspeed": null, "toll": null, "source:url": null, "was:ref": null, "disused:highway": null, "website": null, "check_date:traffic_signals:sound": null, "old_name:-2009": null, "highway_1": null, "enforcement": null, "wikimedia_commons": null, "disused:public_transport": null, "mapillary": null, "survey:date": null, "operator:rcn": null, "expected_rcn_route_relations": null, "carriageway_ref": null, "priority": null, "passenger_information_display": null, "departures_board": null, "bin": null, "bench": null, "ref:NBd": null, "junction": null, "wheelchair": null, "shelter": null, "ref:IFOPT": null, "operator:rwn": null, "comment": null, "bicycle_bypass": null, "covered": null, "stop_position": null, "city_limit": null, "horse": null, "network:wikidata": null, "route_ref": null, "amenity": null, "traffic_sign:direction": null, "zone": null, "rwn_ref": null, "expected_rwn_route_relations": null, "traffic_calming": null, "segregated": null, "noname": null, "public_transport": "stop_position", "network": null, "bus": "yes", "traffic_signals": null, "traffic_signals:direction": null, "traffic_sign:forward": null, "side": null, "direction": null, "foot": null, "check_date:crossing": null, "alt_name": null, "surveillance:zone": null, "surveillance:type": null, "camera:type": null, "surveillance": null, "man_made": null, "description": null, "source:nat_ref": null, "operator:abbr": null, "loc_name": null, "source:name": null, "maxspeed": null, "layer": null, "TMC:cid_58:tabcd_1:TypeName:loc": null, "TMC:cid_58:tabcd_1:TypeName": null, "check_date": null, "rcn_ref": null, "network:type": null, "railway": null, "traffic_signals:vibration": null, "check_date:tactile_paving": null, "button_operated": null, "bicycle": null, "traffic_signals:sound": null, "tactile_paving": null, "kerb": null, "crossing:signals": null, "crossing:markings": null, "crossing:island": null, "crossing": null, "payment:brobizz": null, "name:de": null, "name:da": null, "wikipedia:fr": null, "wikipedia": null, "wikidata": null, "start_date": null, "name:nl": null, "name:fr": null, "name:en": null, "junction_name": null, "ele": null, "destination:lang:nl": null, "destination:lang:fr": null, "noref": null, "operator:ref": null, "highway:ref": null, "barrier": null, "toll:hgv": null, "ref:highway": null, "operator:wikidata": null, "operator": null, "nat_ref": null, "distance": null, "traffic_sign": null, "TMC:cid_58:tabcd_1:PrevLocationCode": null, "TMC:cid_58:tabcd_1:NextLocationCode": null, "TMC:cid_58:tabcd_1:LocationCode": null, "TMC:cid_58:tabcd_1:LCLversion": null, "TMC:cid_58:tabcd_1:Direction": null, "TMC:cid_58:tabcd_1:Class": null, "ref": null, "destination": null, "name": "Delft, Berlageweg", "highway": null, "exit_to:right": null, "exit_to:left": null }, "geometry": { "type": "Point", "coordinates": [ 4.376812, 51.996006 ] } },
{ "type": "Feature", "properties": { "fid": 6058, "full_id": "n4241261811", "osm_id": "4241261811", "osm_type": "node", "flashing_lights": null, "traffic_signals:shoulder:right": null, "traffic_signals:lanes": null, "passing_place": null, "maxspeed:conditional": null, "not:highway": null, "country": null, "name:forward": null, "name:backward": null, "name:tr": null, "related_law:url": null, "related_law": null, "payment:others": null, "payment:license_plate:website:nl": null, "payment:license_plate:website:en": null, "payment:license_plate:website": null, "payment:license_plate": null, "payment:ideal": null, "payment:credit_cards": null, "note:charge": null, "description:nl": null, "description:en": null, "description:de": null, "check_date:charge": null, "charge:tourist_bus": null, "charge:hgv": null, "charge:bus": null, "charge": null, "brand:website": null, "locked": null, "swing_gate:type": null, "material": null, "cycleway:surface:colour": null, "crossing:signed": null, "traffic_sign:variable:backward": null, "traffic_sign:technology:backward": null, "traffic_sign:backward": null, "traffic_sign:variable:forward": null, "traffic_sign:technology:forward": null, "access:conditional": null, "kerb:right": null, "kerb:left": null, "crosswalk": null, "source:official_ref": null, "operator:wikipedia": null, "operator:type": null, "operator:en": null, "opening_hours": null, "lanes": null, "carriageway_ref:colour": null, "was:traffic_signals:vibration": null, "was:traffic_signals:sound": null, "was:tactile_paving": null, "was:crossing:signals": null, "was:crossing:markings": null, "was:crossing": null, "was:button_operated": null, "lift_gate:type": null, "level": null, "ref:FR:FANTOIR": null, "source:maxheight": null, "give_way:direction": null, "disused:traffic_signals": null, "STIF:zone": null, "maxspeed:variable": null, "panoramax:0": null, "construction": null, "stop_line": null, "proposed:name": null, "bicycle_parking:capacity": null, "noexit": null, "check_date:kerb": null, "brand:wikidata": null, "brand": null, "implicit": null, "check_date:traffic_signals:vibration": null, "bicycle_parking": null, "url": null, "mintrackwidth": null, "bridge:support": null, "construction:highway": null, "crossing:saltire": null, "position": null, "hazard": null, "check_date:bin": null, "check_date:bench": null, "pole": null, "tram": null, "reg_name": null, "image": null, "panoramax": null, "red_turn:straight:bicycle": null, "zone:traffic": null, "zone:De_Lijn": null, "route_ref:Flixbus": null, "route_ref:De_Lijn": null, "ref:De_Lijn": null, "name:operator:De_Lijn": null, "train": null, "public_transport:version": null, "facebook": null, "highway:forward": null, "highway:backward": null, "maxheight:signed": null, "wheelchair:description:en": null, "wheelchair:description": null, "cycleway": null, "vehicle": null, "phone": null, "maxheight": null, "entrance": null, "capacity:car": null, "capacity:bus": null, "addr:street": null, "addr:postcode": null, "red_turn:right:bicycle": null, "maxwidth:physical": null, "bus_bay": null, "source:traffic_sign": null, "supervised": null, "traffic_signals:countdown": null, "open": null, "timetable": null, "psv": null, "moped": null, "mofa": null, "emergency": null, "parking": null, "fee": null, "access": null, "official_name": null, "road_marking:direction": null, "road_marking": null, "name:etymology:wikidata": null, "bollard": null, "ref:FR:SNCF_Reseau:RESEAU": null, "railway:position:exact": null, "crossing:light": null, "crossing:bell": null, "crossing:barrier": null, "crossing:activation": null, "proposed:highway": null, "contact:website": null, "cxx:id": null, "cxx:code": null, "speisebezirk": null, "motor_vehicle": null, "footway:crossing:markings": null, "cycleway:crossing:markings": null, "maxspeed:reason": null, "check_date:shelter": null, "source:date": null, "lit": null, "network:wikipedia": null, "network:short": null, "ref_name": null, "note:bus_routes": null, "note:route_ref": null, "traffic_signals:arrow": null, "network:zone": null, "bus_routes": null, "crossing_ref": null, "destination:ref": null, "guidepost": null, "local_ref": null, "old_name": null, "monitoring:traffic": null, "surface": null, "minspeed": null, "maxspeed:hgv:conditional": null, "source:maxspeed": null, "toll": null, "source:url": null, "was:ref": null, "disused:highway": null, "website": null, "check_date:traffic_signals:sound": null, "old_name:-2009": null, "highway_1": null, "enforcement": null, "wikimedia_commons": null, "disused:public_transport": null, "mapillary": null, "survey:date": null, "operator:rcn": null, "expected_rcn_route_relations": null, "carriageway_ref": null, "priority": null, "passenger_information_display": null, "departures_board": null, "bin": null, "bench": null, "ref:NBd": null, "junction": null, "wheelchair": null, "shelter": null, "ref:IFOPT": null, "operator:rwn": null, "comment": null, "bicycle_bypass": null, "covered": null, "stop_position": null, "city_limit": null, "horse": null, "network:wikidata": null, "route_ref": null, "amenity": null, "traffic_sign:direction": null, "zone": null, "rwn_ref": null, "expected_rwn_route_relations": null, "traffic_calming": null, "segregated": null, "noname": null, "public_transport": "stop_position", "network": null, "bus": "yes", "traffic_signals": null, "traffic_signals:direction": null, "traffic_sign:forward": null, "side": null, "direction": null, "foot": null, "check_date:crossing": null, "alt_name": null, "surveillance:zone": null, "surveillance:type": null, "camera:type": null, "surveillance": null, "man_made": null, "description": null, "source:nat_ref": null, "operator:abbr": null, "loc_name": null, "source:name": null, "maxspeed": null, "layer": null, "TMC:cid_58:tabcd_1:TypeName:loc": null, "TMC:cid_58:tabcd_1:TypeName": null, "check_date": null, "rcn_ref": null, "network:type": null, "railway": null, "traffic_signals:vibration": null, "check_date:tactile_paving": null, "button_operated": null, "bicycle": null, "traffic_signals:sound": null, "tactile_paving": null, "kerb": null, "crossing:signals": null, "crossing:markings": null, "crossing:island": null, "crossing": null, "payment:brobizz": null, "name:de": null, "name:da": null, "wikipedia:fr": null, "wikipedia": null, "wikidata": null, "start_date": null, "name:nl": null, "name:fr": null, "name:en": null, "junction_name": null, "ele": null, "destination:lang:nl": null, "destination:lang:fr": null, "noref": null, "operator:ref": null, "highway:ref": null, "barrier": null, "toll:hgv": null, "ref:highway": null, "operator:wikidata": null, "operator": null, "nat_ref": null, "distance": null, "traffic_sign": null, "TMC:cid_58:tabcd_1:PrevLocationCode": null, "TMC:cid_58:tabcd_1:NextLocationCode": null, "TMC:cid_58:tabcd_1:LocationCode": null, "TMC:cid_58:tabcd_1:LCLversion": null, "TMC:cid_58:tabcd_1:Direction": null, "TMC:cid_58:tabcd_1:Class": null, "ref": null, "destination": null, "name": "Delft, Mekelpark", "highway": null, "exit_to:right": null, "exit_to:left": null }, "geometry": { "type": "Point", "coordinates": [ 4.3738058, 51.9997006 ] } },
{ "type": "Feature", "properties": { "fid": 6059, "full_id": "n4241272043", "osm_id": "4241272043", "osm_type": "node", "flashing_lights": null, "traffic_signals:shoulder:right": null, "traffic_signals:lanes": null, "passing_place": null, "maxspeed:conditional": null, "not:highway": null, "country": null, "name:forward": null, "name:backward": null, "name:tr": null, "related_law:url": null, "related_law": null, "payment:others": null, "payment:license_plate:website:nl": null, "payment:license_plate:website:en": null, "payment:license_plate:website": null, "payment:license_plate": null, "payment:ideal": null, "payment:credit_cards": null, "note:charge": null, "description:nl": null, "description:en": null, "description:de": null, "check_date:charge": null, "charge:tourist_bus": null, "charge:hgv": null, "charge:bus": null, "charge": null, "brand:website": null, "locked": null, "swing_gate:type": null, "material": null, "cycleway:surface:colour": null, "crossing:signed": null, "traffic_sign:variable:backward": null, "traffic_sign:technology:backward": null, "traffic_sign:backward": null, "traffic_sign:variable:forward": null, "traffic_sign:technology:forward": null, "access:conditional": null, "kerb:right": null, "kerb:left": null, "crosswalk": null, "source:official_ref": null, "operator:wikipedia": null, "operator:type": null, "operator:en": null, "opening_hours": null, "lanes": null, "carriageway_ref:colour": null, "was:traffic_signals:vibration": null, "was:traffic_signals:sound": null, "was:tactile_paving": null, "was:crossing:signals": null, "was:crossing:markings": null, "was:crossing": null, "was:button_operated": null, "lift_gate:type": null, "level": null, "ref:FR:FANTOIR": null, "source:maxheight": null, "give_way:direction": null, "disused:traffic_signals": null, "STIF:zone": null, "maxspeed:variable": null, "panoramax:0": null, "construction": null, "stop_line": null, "proposed:name": null, "bicycle_parking:capacity": null, "noexit": null, "check_date:kerb": null, "brand:wikidata": null, "brand": null, "implicit": null, "check_date:traffic_signals:vibration": null, "bicycle_parking": null, "url": null, "mintrackwidth": null, "bridge:support": null, "construction:highway": null, "crossing:saltire": null, "position": null, "hazard": null, "check_date:bin": null, "check_date:bench": null, "pole": null, "tram": null, "reg_name": null, "image": null, "panoramax": null, "red_turn:straight:bicycle": null, "zone:traffic": null, "zone:De_Lijn": null, "route_ref:Flixbus": null, "route_ref:De_Lijn": null, "ref:De_Lijn": null, "name:operator:De_Lijn": null, "train": null, "public_transport:version": null, "facebook": null, "highway:forward": null, "highway:backward": null, "maxheight:signed": null, "wheelchair:description:en": null, "wheelchair:description": null, "cycleway": null, "vehicle": null, "phone": null, "maxheight": null, "entrance": null, "capacity:car": null, "capacity:bus": null, "addr:street": null, "addr:postcode": null, "red_turn:right:bicycle": null, "maxwidth:physical": null, "bus_bay": null, "source:traffic_sign": null, "supervised": null, "traffic_signals:countdown": null, "open": null, "timetable": null, "psv": null, "moped": null, "mofa": null, "emergency": null, "parking": null, "fee": null, "access": null, "official_name": null, "road_marking:direction": null, "road_marking": null, "name:etymology:wikidata": null, "bollard": null, "ref:FR:SNCF_Reseau:RESEAU": null, "railway:position:exact": null, "crossing:light": null, "crossing:bell": null, "crossing:barrier": null, "crossing:activation": null, "proposed:highway": null, "contact:website": null, "cxx:id": null, "cxx:code": null, "speisebezirk": null, "motor_vehicle": null, "footway:crossing:markings": null, "cycleway:crossing:markings": null, "maxspeed:reason": null, "check_date:shelter": null, "source:date": null, "lit": null, "network:wikipedia": null, "network:short": null, "ref_name": null, "note:bus_routes": null, "note:route_ref": null, "traffic_signals:arrow": null, "network:zone": null, "bus_routes": null, "crossing_ref": null, "destination:ref": null, "guidepost": null, "local_ref": null, "old_name": null, "monitoring:traffic": null, "surface": null, "minspeed": null, "maxspeed:hgv:conditional": null, "source:maxspeed": null, "toll": null, "source:url": null, "was:ref": null, "disused:highway": null, "website": null, "check_date:traffic_signals:sound": null, "old_name:-2009": null, "highway_1": null, "enforcement": null, "wikimedia_commons": null, "disused:public_transport": null, "mapillary": null, "survey:date": null, "operator:rcn": null, "expected_rcn_route_relations": null, "carriageway_ref": null, "priority": null, "passenger_information_display": null, "departures_board": null, "bin": null, "bench": null, "ref:NBd": null, "junction": null, "wheelchair": null, "shelter": null, "ref:IFOPT": null, "operator:rwn": null, "comment": null, "bicycle_bypass": null, "covered": null, "stop_position": null, "city_limit": null, "horse": null, "network:wikidata": null, "route_ref": null, "amenity": null, "traffic_sign:direction": null, "zone": null, "rwn_ref": null, "expected_rwn_route_relations": null, "traffic_calming": null, "segregated": null, "noname": null, "public_transport": "stop_position", "network": null, "bus": "yes", "traffic_signals": null, "traffic_signals:direction": null, "traffic_sign:forward": null, "side": null, "direction": null, "foot": null, "check_date:crossing": null, "alt_name": null, "surveillance:zone": null, "surveillance:type": null, "camera:type": null, "surveillance": null, "man_made": null, "description": null, "source:nat_ref": null, "operator:abbr": null, "loc_name": null, "source:name": null, "maxspeed": null, "layer": null, "TMC:cid_58:tabcd_1:TypeName:loc": null, "TMC:cid_58:tabcd_1:TypeName": null, "check_date": null, "rcn_ref": null, "network:type": null, "railway": null, "traffic_signals:vibration": null, "check_date:tactile_paving": null, "button_operated": null, "bicycle": null, "traffic_signals:sound": null, "tactile_paving": null, "kerb": null, "crossing:signals": null, "crossing:markings": null, "crossing:island": null, "crossing": null, "payment:brobizz": null, "name:de": null, "name:da": null, "wikipedia:fr": null, "wikipedia": null, "wikidata": null, "start_date": null, "name:nl": null, "name:fr": null, "name:en": null, "junction_name": null, "ele": null, "destination:lang:nl": null, "destination:lang:fr": null, "noref": null, "operator:ref": null, "highway:ref": null, "barrier": null, "toll:hgv": null, "ref:highway": null, "operator:wikidata": null, "operator": null, "nat_ref": null, "distance": null, "traffic_sign": null, "TMC:cid_58:tabcd_1:PrevLocationCode": null, "TMC:cid_58:tabcd_1:NextLocationCode": null, "TMC:cid_58:tabcd_1:LocationCode": null, "TMC:cid_58:tabcd_1:LCLversion": null, "TMC:cid_58:tabcd_1:Direction": null, "TMC:cid_58:tabcd_1:Class": null, "ref": null, "destination": null, "name": "Delft, Heertjeslaan", "highway": null, "exit_to:right": null, "exit_to:left": null }, "geometry": { "type": "Point", "coordinates": [ 4.381817, 51.9890342 ] } },
{ "type": "Feature", "properties": { "fid": 6060, "full_id": "n4241277373", "osm_id": "4241277373", "osm_type": "node", "flashing_lights": null, "traffic_signals:shoulder:right": null, "traffic_signals:lanes": null, "passing_place": null, "maxspeed:conditional": null, "not:highway": null, "country": null, "name:forward": null, "name:backward": null, "name:tr": null, "related_law:url": null, "related_law": null, "payment:others": null, "payment:license_plate:website:nl": null, "payment:license_plate:website:en": null, "payment:license_plate:website": null, "payment:license_plate": null, "payment:ideal": null, "payment:credit_cards": null, "note:charge": null, "description:nl": null, "description:en": null, "description:de": null, "check_date:charge": null, "charge:tourist_bus": null, "charge:hgv": null, "charge:bus": null, "charge": null, "brand:website": null, "locked": null, "swing_gate:type": null, "material": null, "cycleway:surface:colour": null, "crossing:signed": null, "traffic_sign:variable:backward": null, "traffic_sign:technology:backward": null, "traffic_sign:backward": null, "traffic_sign:variable:forward": null, "traffic_sign:technology:forward": null, "access:conditional": null, "kerb:right": null, "kerb:left": null, "crosswalk": null, "source:official_ref": null, "operator:wikipedia": null, "operator:type": null, "operator:en": null, "opening_hours": null, "lanes": null, "carriageway_ref:colour": null, "was:traffic_signals:vibration": null, "was:traffic_signals:sound": null, "was:tactile_paving": null, "was:crossing:signals": null, "was:crossing:markings": null, "was:crossing": null, "was:button_operated": null, "lift_gate:type": null, "level": null, "ref:FR:FANTOIR": null, "source:maxheight": null, "give_way:direction": null, "disused:traffic_signals": null, "STIF:zone": null, "maxspeed:variable": null, "panoramax:0": null, "construction": null, "stop_line": null, "proposed:name": null, "bicycle_parking:capacity": null, "noexit": null, "check_date:kerb": null, "brand:wikidata": null, "brand": null, "implicit": null, "check_date:traffic_signals:vibration": null, "bicycle_parking": null, "url": null, "mintrackwidth": null, "bridge:support": null, "construction:highway": null, "crossing:saltire": null, "position": null, "hazard": null, "check_date:bin": null, "check_date:bench": null, "pole": null, "tram": null, "reg_name": null, "image": null, "panoramax": null, "red_turn:straight:bicycle": null, "zone:traffic": null, "zone:De_Lijn": null, "route_ref:Flixbus": null, "route_ref:De_Lijn": null, "ref:De_Lijn": null, "name:operator:De_Lijn": null, "train": null, "public_transport:version": null, "facebook": null, "highway:forward": null, "highway:backward": null, "maxheight:signed": null, "wheelchair:description:en": null, "wheelchair:description": null, "cycleway": null, "vehicle": null, "phone": null, "maxheight": null, "entrance": null, "capacity:car": null, "capacity:bus": null, "addr:street": null, "addr:postcode": null, "red_turn:right:bicycle": null, "maxwidth:physical": null, "bus_bay": null, "source:traffic_sign": null, "supervised": null, "traffic_signals:countdown": null, "open": null, "timetable": null, "psv": null, "moped": null, "mofa": null, "emergency": null, "parking": null, "fee": null, "access": null, "official_name": null, "road_marking:direction": null, "road_marking": null, "name:etymology:wikidata": null, "bollard": null, "ref:FR:SNCF_Reseau:RESEAU": null, "railway:position:exact": null, "crossing:light": null, "crossing:bell": null, "crossing:barrier": null, "crossing:activation": null, "proposed:highway": null, "contact:website": null, "cxx:id": null, "cxx:code": null, "speisebezirk": null, "motor_vehicle": null, "footway:crossing:markings": null, "cycleway:crossing:markings": null, "maxspeed:reason": null, "check_date:shelter": null, "source:date": null, "lit": null, "network:wikipedia": null, "network:short": null, "ref_name": null, "note:bus_routes": null, "note:route_ref": null, "traffic_signals:arrow": null, "network:zone": null, "bus_routes": null, "crossing_ref": null, "destination:ref": null, "guidepost": null, "local_ref": null, "old_name": null, "monitoring:traffic": null, "surface": null, "minspeed": null, "maxspeed:hgv:conditional": null, "source:maxspeed": null, "toll": null, "source:url": null, "was:ref": null, "disused:highway": null, "website": null, "check_date:traffic_signals:sound": null, "old_name:-2009": null, "highway_1": null, "enforcement": null, "wikimedia_commons": null, "disused:public_transport": null, "mapillary": null, "survey:date": null, "operator:rcn": null, "expected_rcn_route_relations": null, "carriageway_ref": null, "priority": null, "passenger_information_display": null, "departures_board": null, "bin": null, "bench": null, "ref:NBd": null, "junction": null, "wheelchair": null, "shelter": null, "ref:IFOPT": null, "operator:rwn": null, "comment": null, "bicycle_bypass": null, "covered": null, "stop_position": null, "city_limit": null, "horse": null, "network:wikidata": null, "route_ref": null, "amenity": null, "traffic_sign:direction": null, "zone": null, "rwn_ref": null, "expected_rwn_route_relations": null, "traffic_calming": null, "segregated": null, "noname": null, "public_transport": "stop_position", "network": null, "bus": "yes", "traffic_signals": null, "traffic_signals:direction": null, "traffic_sign:forward": null, "side": null, "direction": null, "foot": null, "check_date:crossing": null, "alt_name": null, "surveillance:zone": null, "surveillance:type": null, "camera:type": null, "surveillance": null, "man_made": null, "description": null, "source:nat_ref": null, "operator:abbr": null, "loc_name": null, "source:name": null, "maxspeed": null, "layer": null, "TMC:cid_58:tabcd_1:TypeName:loc": null, "TMC:cid_58:tabcd_1:TypeName": null, "check_date": null, "rcn_ref": null, "network:type": null, "railway": null, "traffic_signals:vibration": null, "check_date:tactile_paving": null, "button_operated": null, "bicycle": null, "traffic_signals:sound": null, "tactile_paving": null, "kerb": null, "crossing:signals": null, "crossing:markings": null, "crossing:island": null, "crossing": null, "payment:brobizz": null, "name:de": null, "name:da": null, "wikipedia:fr": null, "wikipedia": null, "wikidata": null, "start_date": null, "name:nl": null, "name:fr": null, "name:en": null, "junction_name": null, "ele": null, "destination:lang:nl": null, "destination:lang:fr": null, "noref": null, "operator:ref": null, "highway:ref": null, "barrier": null, "toll:hgv": null, "ref:highway": null, "operator:wikidata": null, "operator": null, "nat_ref": null, "distance": null, "traffic_sign": null, "TMC:cid_58:tabcd_1:PrevLocationCode": null, "TMC:cid_58:tabcd_1:NextLocationCode": null, "TMC:cid_58:tabcd_1:LocationCode": null, "TMC:cid_58:tabcd_1:LCLversion": null, "TMC:cid_58:tabcd_1:Direction": null, "TMC:cid_58:tabcd_1:Class": null, "ref": null, "destination": null, "name": "Delft, Kluyverpark", "highway": null, "exit_to:right": null, "exit_to:left": null }, "geometry": { "type": "Point", "coordinates": [ 4.3801854, 51.9913887 ] } },
{ "type": "Feature", "properties": { "fid": 6250, "full_id": "n4302186790", "osm_id": "4302186790", "osm_type": "node", "flashing_lights": null, "traffic_signals:shoulder:right": null, "traffic_signals:lanes": null, "passing_place": null, "maxspeed:conditional": null, "not:highway": null, "country": null, "name:forward": null, "name:backward": null, "name:tr": null, "related_law:url": null, "related_law": null, "payment:others": null, "payment:license_plate:website:nl": null, "payment:license_plate:website:en": null, "payment:license_plate:website": null, "payment:license_plate": null, "payment:ideal": null, "payment:credit_cards": null, "note:charge": null, "description:nl": null, "description:en": null, "description:de": null, "check_date:charge": null, "charge:tourist_bus": null, "charge:hgv": null, "charge:bus": null, "charge": null, "brand:website": null, "locked": null, "swing_gate:type": null, "material": null, "cycleway:surface:colour": null, "crossing:signed": null, "traffic_sign:variable:backward": null, "traffic_sign:technology:backward": null, "traffic_sign:backward": null, "traffic_sign:variable:forward": null, "traffic_sign:technology:forward": null, "access:conditional": null, "kerb:right": null, "kerb:left": null, "crosswalk": null, "source:official_ref": null, "operator:wikipedia": null, "operator:type": null, "operator:en": null, "opening_hours": null, "lanes": null, "carriageway_ref:colour": null, "was:traffic_signals:vibration": null, "was:traffic_signals:sound": null, "was:tactile_paving": null, "was:crossing:signals": null, "was:crossing:markings": null, "was:crossing": null, "was:button_operated": null, "lift_gate:type": null, "level": null, "ref:FR:FANTOIR": null, "source:maxheight": null, "give_way:direction": null, "disused:traffic_signals": null, "STIF:zone": null, "maxspeed:variable": null, "panoramax:0": null, "construction": null, "stop_line": null, "proposed:name": null, "bicycle_parking:capacity": null, "noexit": null, "check_date:kerb": null, "brand:wikidata": null, "brand": null, "implicit": null, "check_date:traffic_signals:vibration": null, "bicycle_parking": null, "url": null, "mintrackwidth": null, "bridge:support": null, "construction:highway": null, "crossing:saltire": null, "position": null, "hazard": null, "check_date:bin": null, "check_date:bench": null, "pole": null, "tram": null, "reg_name": null, "image": null, "panoramax": null, "red_turn:straight:bicycle": null, "zone:traffic": null, "zone:De_Lijn": null, "route_ref:Flixbus": null, "route_ref:De_Lijn": null, "ref:De_Lijn": null, "name:operator:De_Lijn": null, "train": null, "public_transport:version": null, "facebook": null, "highway:forward": null, "highway:backward": null, "maxheight:signed": null, "wheelchair:description:en": null, "wheelchair:description": null, "cycleway": null, "vehicle": null, "phone": null, "maxheight": null, "entrance": null, "capacity:car": null, "capacity:bus": null, "addr:street": null, "addr:postcode": null, "red_turn:right:bicycle": null, "maxwidth:physical": null, "bus_bay": null, "source:traffic_sign": null, "supervised": null, "traffic_signals:countdown": null, "open": null, "timetable": null, "psv": null, "moped": null, "mofa": null, "emergency": null, "parking": null, "fee": null, "access": null, "official_name": null, "road_marking:direction": null, "road_marking": null, "name:etymology:wikidata": null, "bollard": null, "ref:FR:SNCF_Reseau:RESEAU": null, "railway:position:exact": null, "crossing:light": null, "crossing:bell": null, "crossing:barrier": null, "crossing:activation": null, "proposed:highway": null, "contact:website": null, "cxx:id": null, "cxx:code": null, "speisebezirk": null, "motor_vehicle": null, "footway:crossing:markings": null, "cycleway:crossing:markings": null, "maxspeed:reason": null, "check_date:shelter": "2024-10-19", "source:date": null, "lit": "yes", "network:wikipedia": null, "network:short": null, "ref_name": null, "note:bus_routes": null, "note:route_ref": null, "traffic_signals:arrow": null, "network:zone": null, "bus_routes": null, "crossing_ref": null, "destination:ref": null, "guidepost": null, "local_ref": null, "old_name": null, "monitoring:traffic": null, "surface": null, "minspeed": null, "maxspeed:hgv:conditional": null, "source:maxspeed": null, "toll": null, "source:url": null, "was:ref": null, "disused:highway": null, "website": null, "check_date:traffic_signals:sound": null, "old_name:-2009": null, "highway_1": null, "enforcement": null, "wikimedia_commons": null, "disused:public_transport": null, "mapillary": null, "survey:date": null, "operator:rcn": null, "expected_rcn_route_relations": null, "carriageway_ref": null, "priority": null, "passenger_information_display": null, "departures_board": null, "bin": "yes", "bench": "yes", "ref:NBd": null, "junction": null, "wheelchair": null, "shelter": "yes", "ref:IFOPT": "NL:Q:31003606", "operator:rwn": null, "comment": null, "bicycle_bypass": null, "covered": null, "stop_position": null, "city_limit": null, "horse": null, "network:wikidata": null, "route_ref": null, "amenity": null, "traffic_sign:direction": null, "zone": "5325", "rwn_ref": null, "expected_rwn_route_relations": null, "traffic_calming": null, "segregated": null, "noname": null, "public_transport": "platform", "network": null, "bus": "yes", "traffic_signals": null, "traffic_signals:direction": null, "traffic_sign:forward": null, "side": null, "direction": null, "foot": null, "check_date:crossing": null, "alt_name": null, "surveillance:zone": null, "surveillance:type": null, "camera:type": null, "surveillance": null, "man_made": null, "description": null, "source:nat_ref": null, "operator:abbr": null, "loc_name": null, "source:name": null, "maxspeed": null, "layer": null, "TMC:cid_58:tabcd_1:TypeName:loc": null, "TMC:cid_58:tabcd_1:TypeName": null, "check_date": null, "rcn_ref": null, "network:type": null, "railway": null, "traffic_signals:vibration": null, "check_date:tactile_paving": null, "button_operated": null, "bicycle": null, "traffic_signals:sound": null, "tactile_paving": "yes", "kerb": null, "crossing:signals": null, "crossing:markings": null, "crossing:island": null, "crossing": null, "payment:brobizz": null, "name:de": null, "name:da": null, "wikipedia:fr": null, "wikipedia": null, "wikidata": null, "start_date": null, "name:nl": null, "name:fr": null, "name:en": null, "junction_name": null, "ele": null, "destination:lang:nl": null, "destination:lang:fr": null, "noref": null, "operator:ref": null, "highway:ref": null, "barrier": null, "toll:hgv": null, "ref:highway": null, "operator:wikidata": null, "operator": null, "nat_ref": null, "distance": null, "traffic_sign": null, "TMC:cid_58:tabcd_1:PrevLocationCode": null, "TMC:cid_58:tabcd_1:NextLocationCode": null, "TMC:cid_58:tabcd_1:LocationCode": null, "TMC:cid_58:tabcd_1:LCLversion": null, "TMC:cid_58:tabcd_1:Direction": null, "TMC:cid_58:tabcd_1:Class": null, "ref": null, "destination": null, "name": "De Zweth", "highway": "bus_stop", "exit_to:right": null, "exit_to:left": null }, "geometry": { "type": "Point", "coordinates": [ 4.3932515, 51.9635784 ] } },
{ "type": "Feature", "properties": { "fid": 6891, "full_id": "n4966633823", "osm_id": "4966633823", "osm_type": "node", "flashing_lights": null, "traffic_signals:shoulder:right": null, "traffic_signals:lanes": null, "passing_place": null, "maxspeed:conditional": null, "not:highway": null, "country": null, "name:forward": null, "name:backward": null, "name:tr": null, "related_law:url": null, "related_law": null, "payment:others": null, "payment:license_plate:website:nl": null, "payment:license_plate:website:en": null, "payment:license_plate:website": null, "payment:license_plate": null, "payment:ideal": null, "payment:credit_cards": null, "note:charge": null, "description:nl": null, "description:en": null, "description:de": null, "check_date:charge": null, "charge:tourist_bus": null, "charge:hgv": null, "charge:bus": null, "charge": null, "brand:website": null, "locked": null, "swing_gate:type": null, "material": null, "cycleway:surface:colour": null, "crossing:signed": null, "traffic_sign:variable:backward": null, "traffic_sign:technology:backward": null, "traffic_sign:backward": null, "traffic_sign:variable:forward": null, "traffic_sign:technology:forward": null, "access:conditional": null, "kerb:right": null, "kerb:left": null, "crosswalk": null, "source:official_ref": null, "operator:wikipedia": null, "operator:type": null, "operator:en": null, "opening_hours": null, "lanes": null, "carriageway_ref:colour": null, "was:traffic_signals:vibration": null, "was:traffic_signals:sound": null, "was:tactile_paving": null, "was:crossing:signals": null, "was:crossing:markings": null, "was:crossing": null, "was:button_operated": null, "lift_gate:type": null, "level": null, "ref:FR:FANTOIR": null, "source:maxheight": null, "give_way:direction": null, "disused:traffic_signals": null, "STIF:zone": null, "maxspeed:variable": null, "panoramax:0": null, "construction": null, "stop_line": null, "proposed:name": null, "bicycle_parking:capacity": null, "noexit": null, "check_date:kerb": null, "brand:wikidata": null, "brand": null, "implicit": null, "check_date:traffic_signals:vibration": null, "bicycle_parking": null, "url": null, "mintrackwidth": null, "bridge:support": null, "construction:highway": null, "crossing:saltire": null, "position": null, "hazard": null, "check_date:bin": null, "check_date:bench": null, "pole": null, "tram": null, "reg_name": null, "image": null, "panoramax": null, "red_turn:straight:bicycle": null, "zone:traffic": null, "zone:De_Lijn": null, "route_ref:Flixbus": null, "route_ref:De_Lijn": null, "ref:De_Lijn": null, "name:operator:De_Lijn": null, "train": null, "public_transport:version": null, "facebook": null, "highway:forward": null, "highway:backward": null, "maxheight:signed": null, "wheelchair:description:en": null, "wheelchair:description": null, "cycleway": null, "vehicle": null, "phone": null, "maxheight": null, "entrance": null, "capacity:car": null, "capacity:bus": null, "addr:street": null, "addr:postcode": null, "red_turn:right:bicycle": null, "maxwidth:physical": null, "bus_bay": null, "source:traffic_sign": null, "supervised": null, "traffic_signals:countdown": null, "open": null, "timetable": null, "psv": null, "moped": null, "mofa": null, "emergency": null, "parking": null, "fee": null, "access": null, "official_name": null, "road_marking:direction": null, "road_marking": null, "name:etymology:wikidata": null, "bollard": null, "ref:FR:SNCF_Reseau:RESEAU": null, "railway:position:exact": null, "crossing:light": null, "crossing:bell": null, "crossing:barrier": null, "crossing:activation": null, "proposed:highway": null, "contact:website": null, "cxx:id": null, "cxx:code": null, "speisebezirk": null, "motor_vehicle": null, "footway:crossing:markings": null, "cycleway:crossing:markings": null, "maxspeed:reason": null, "check_date:shelter": null, "source:date": null, "lit": null, "network:wikipedia": null, "network:short": null, "ref_name": null, "note:bus_routes": null, "note:route_ref": null, "traffic_signals:arrow": null, "network:zone": null, "bus_routes": null, "crossing_ref": null, "destination:ref": null, "guidepost": null, "local_ref": null, "old_name": null, "monitoring:traffic": null, "surface": null, "minspeed": null, "maxspeed:hgv:conditional": null, "source:maxspeed": null, "toll": null, "source:url": null, "was:ref": null, "disused:highway": null, "website": null, "check_date:traffic_signals:sound": null, "old_name:-2009": null, "highway_1": null, "enforcement": null, "wikimedia_commons": null, "disused:public_transport": null, "mapillary": null, "survey:date": null, "operator:rcn": null, "expected_rcn_route_relations": null, "carriageway_ref": null, "priority": null, "passenger_information_display": null, "departures_board": null, "bin": null, "bench": null, "ref:NBd": null, "junction": null, "wheelchair": null, "shelter": null, "ref:IFOPT": null, "operator:rwn": null, "comment": null, "bicycle_bypass": null, "covered": null, "stop_position": null, "city_limit": null, "horse": null, "network:wikidata": null, "route_ref": null, "amenity": null, "traffic_sign:direction": null, "zone": null, "rwn_ref": null, "expected_rwn_route_relations": null, "traffic_calming": null, "segregated": null, "noname": null, "public_transport": "stop_position", "network": null, "bus": "yes", "traffic_signals": null, "traffic_signals:direction": null, "traffic_sign:forward": null, "side": null, "direction": null, "foot": null, "check_date:crossing": null, "alt_name": null, "surveillance:zone": null, "surveillance:type": null, "camera:type": null, "surveillance": null, "man_made": null, "description": null, "source:nat_ref": null, "operator:abbr": null, "loc_name": null, "source:name": null, "maxspeed": null, "layer": null, "TMC:cid_58:tabcd_1:TypeName:loc": null, "TMC:cid_58:tabcd_1:TypeName": null, "check_date": null, "rcn_ref": null, "network:type": null, "railway": null, "traffic_signals:vibration": null, "check_date:tactile_paving": null, "button_operated": null, "bicycle": null, "traffic_signals:sound": null, "tactile_paving": null, "kerb": null, "crossing:signals": null, "crossing:markings": null, "crossing:island": null, "crossing": null, "payment:brobizz": null, "name:de": null, "name:da": null, "wikipedia:fr": null, "wikipedia": null, "wikidata": null, "start_date": null, "name:nl": null, "name:fr": null, "name:en": null, "junction_name": null, "ele": null, "destination:lang:nl": null, "destination:lang:fr": null, "noref": null, "operator:ref": null, "highway:ref": null, "barrier": null, "toll:hgv": null, "ref:highway": null, "operator:wikidata": null, "operator": null, "nat_ref": null, "distance": null, "traffic_sign": null, "TMC:cid_58:tabcd_1:PrevLocationCode": null, "TMC:cid_58:tabcd_1:NextLocationCode": null, "TMC:cid_58:tabcd_1:LocationCode": null, "TMC:cid_58:tabcd_1:LCLversion": null, "TMC:cid_58:tabcd_1:Direction": null, "TMC:cid_58:tabcd_1:Class": null, "ref": null, "destination": null, "name": "Rotterdam, Doenpad", "highway": null, "exit_to:right": null, "exit_to:left": null }, "geometry": { "type": "Point", "coordinates": [ 4.411718, 51.9491376 ] } },
{ "type": "Feature", "properties": { "fid": 7032, "full_id": "n5174834546", "osm_id": "5174834546", "osm_type": "node", "flashing_lights": null, "traffic_signals:shoulder:right": null, "traffic_signals:lanes": null, "passing_place": null, "maxspeed:conditional": null, "not:highway": null, "country": null, "name:forward": null, "name:backward": null, "name:tr": null, "related_law:url": null, "related_law": null, "payment:others": null, "payment:license_plate:website:nl": null, "payment:license_plate:website:en": null, "payment:license_plate:website": null, "payment:license_plate": null, "payment:ideal": null, "payment:credit_cards": null, "note:charge": null, "description:nl": null, "description:en": null, "description:de": null, "check_date:charge": null, "charge:tourist_bus": null, "charge:hgv": null, "charge:bus": null, "charge": null, "brand:website": null, "locked": null, "swing_gate:type": null, "material": null, "cycleway:surface:colour": null, "crossing:signed": null, "traffic_sign:variable:backward": null, "traffic_sign:technology:backward": null, "traffic_sign:backward": null, "traffic_sign:variable:forward": null, "traffic_sign:technology:forward": null, "access:conditional": null, "kerb:right": null, "kerb:left": null, "crosswalk": null, "source:official_ref": null, "operator:wikipedia": null, "operator:type": null, "operator:en": null, "opening_hours": null, "lanes": null, "carriageway_ref:colour": null, "was:traffic_signals:vibration": null, "was:traffic_signals:sound": null, "was:tactile_paving": null, "was:crossing:signals": null, "was:crossing:markings": null, "was:crossing": null, "was:button_operated": null, "lift_gate:type": null, "level": null, "ref:FR:FANTOIR": null, "source:maxheight": null, "give_way:direction": null, "disused:traffic_signals": null, "STIF:zone": null, "maxspeed:variable": null, "panoramax:0": null, "construction": null, "stop_line": null, "proposed:name": null, "bicycle_parking:capacity": null, "noexit": null, "check_date:kerb": null, "brand:wikidata": null, "brand": null, "implicit": null, "check_date:traffic_signals:vibration": null, "bicycle_parking": null, "url": null, "mintrackwidth": null, "bridge:support": null, "construction:highway": null, "crossing:saltire": null, "position": null, "hazard": null, "check_date:bin": null, "check_date:bench": null, "pole": null, "tram": null, "reg_name": null, "image": null, "panoramax": null, "red_turn:straight:bicycle": null, "zone:traffic": null, "zone:De_Lijn": null, "route_ref:Flixbus": null, "route_ref:De_Lijn": null, "ref:De_Lijn": null, "name:operator:De_Lijn": null, "train": null, "public_transport:version": null, "facebook": null, "highway:forward": null, "highway:backward": null, "maxheight:signed": null, "wheelchair:description:en": null, "wheelchair:description": null, "cycleway": null, "vehicle": null, "phone": null, "maxheight": null, "entrance": null, "capacity:car": null, "capacity:bus": null, "addr:street": null, "addr:postcode": null, "red_turn:right:bicycle": null, "maxwidth:physical": null, "bus_bay": null, "source:traffic_sign": null, "supervised": null, "traffic_signals:countdown": null, "open": null, "timetable": null, "psv": null, "moped": null, "mofa": null, "emergency": null, "parking": null, "fee": null, "access": null, "official_name": null, "road_marking:direction": null, "road_marking": null, "name:etymology:wikidata": null, "bollard": null, "ref:FR:SNCF_Reseau:RESEAU": null, "railway:position:exact": null, "crossing:light": null, "crossing:bell": null, "crossing:barrier": null, "crossing:activation": null, "proposed:highway": null, "contact:website": null, "cxx:id": null, "cxx:code": null, "speisebezirk": null, "motor_vehicle": null, "footway:crossing:markings": null, "cycleway:crossing:markings": null, "maxspeed:reason": null, "check_date:shelter": null, "source:date": null, "lit": null, "network:wikipedia": null, "network:short": null, "ref_name": null, "note:bus_routes": null, "note:route_ref": null, "traffic_signals:arrow": null, "network:zone": null, "bus_routes": null, "crossing_ref": null, "destination:ref": null, "guidepost": null, "local_ref": null, "old_name": null, "monitoring:traffic": null, "surface": null, "minspeed": null, "maxspeed:hgv:conditional": null, "source:maxspeed": null, "toll": null, "source:url": null, "was:ref": null, "disused:highway": null, "website": null, "check_date:traffic_signals:sound": null, "old_name:-2009": null, "highway_1": null, "enforcement": null, "wikimedia_commons": null, "disused:public_transport": null, "mapillary": null, "survey:date": null, "operator:rcn": null, "expected_rcn_route_relations": null, "carriageway_ref": null, "priority": null, "passenger_information_display": null, "departures_board": null, "bin": null, "bench": null, "ref:NBd": null, "junction": null, "wheelchair": null, "shelter": null, "ref:IFOPT": null, "operator:rwn": null, "comment": null, "bicycle_bypass": null, "covered": null, "stop_position": null, "city_limit": null, "horse": null, "network:wikidata": null, "route_ref": null, "amenity": null, "traffic_sign:direction": null, "zone": null, "rwn_ref": null, "expected_rwn_route_relations": null, "traffic_calming": null, "segregated": null, "noname": null, "public_transport": "stop_position", "network": null, "bus": "yes", "traffic_signals": null, "traffic_signals:direction": null, "traffic_sign:forward": null, "side": null, "direction": null, "foot": null, "check_date:crossing": null, "alt_name": null, "surveillance:zone": null, "surveillance:type": null, "camera:type": null, "surveillance": null, "man_made": null, "description": null, "source:nat_ref": null, "operator:abbr": null, "loc_name": null, "source:name": null, "maxspeed": null, "layer": null, "TMC:cid_58:tabcd_1:TypeName:loc": null, "TMC:cid_58:tabcd_1:TypeName": null, "check_date": null, "rcn_ref": null, "network:type": null, "railway": null, "traffic_signals:vibration": null, "check_date:tactile_paving": null, "button_operated": null, "bicycle": null, "traffic_signals:sound": null, "tactile_paving": null, "kerb": null, "crossing:signals": null, "crossing:markings": null, "crossing:island": null, "crossing": null, "payment:brobizz": null, "name:de": null, "name:da": null, "wikipedia:fr": null, "wikipedia": null, "wikidata": null, "start_date": null, "name:nl": null, "name:fr": null, "name:en": null, "junction_name": null, "ele": null, "destination:lang:nl": null, "destination:lang:fr": null, "noref": null, "operator:ref": null, "highway:ref": null, "barrier": null, "toll:hgv": null, "ref:highway": null, "operator:wikidata": null, "operator": null, "nat_ref": null, "distance": null, "traffic_sign": null, "TMC:cid_58:tabcd_1:PrevLocationCode": null, "TMC:cid_58:tabcd_1:NextLocationCode": null, "TMC:cid_58:tabcd_1:LocationCode": null, "TMC:cid_58:tabcd_1:LCLversion": null, "TMC:cid_58:tabcd_1:Direction": null, "TMC:cid_58:tabcd_1:Class": null, "ref": null, "destination": null, "name": "Delft, Ackerdijkseweg", "highway": null, "exit_to:right": null, "exit_to:left": null }, "geometry": { "type": "Point", "coordinates": [ 4.3838124, 51.9761321 ] } },
{ "type": "Feature", "properties": { "fid": 7610, "full_id": "n5751467895", "osm_id": "5751467895", "osm_type": "node", "flashing_lights": null, "traffic_signals:shoulder:right": null, "traffic_signals:lanes": null, "passing_place": null, "maxspeed:conditional": null, "not:highway": null, "country": null, "name:forward": null, "name:backward": null, "name:tr": null, "related_law:url": null, "related_law": null, "payment:others": null, "payment:license_plate:website:nl": null, "payment:license_plate:website:en": null, "payment:license_plate:website": null, "payment:license_plate": null, "payment:ideal": null, "payment:credit_cards": null, "note:charge": null, "description:nl": null, "description:en": null, "description:de": null, "check_date:charge": null, "charge:tourist_bus": null, "charge:hgv": null, "charge:bus": null, "charge": null, "brand:website": null, "locked": null, "swing_gate:type": null, "material": null, "cycleway:surface:colour": null, "crossing:signed": null, "traffic_sign:variable:backward": null, "traffic_sign:technology:backward": null, "traffic_sign:backward": null, "traffic_sign:variable:forward": null, "traffic_sign:technology:forward": null, "access:conditional": null, "kerb:right": null, "kerb:left": null, "crosswalk": null, "source:official_ref": null, "operator:wikipedia": null, "operator:type": null, "operator:en": null, "opening_hours": null, "lanes": null, "carriageway_ref:colour": null, "was:traffic_signals:vibration": null, "was:traffic_signals:sound": null, "was:tactile_paving": null, "was:crossing:signals": null, "was:crossing:markings": null, "was:crossing": null, "was:button_operated": null, "lift_gate:type": null, "level": null, "ref:FR:FANTOIR": null, "source:maxheight": null, "give_way:direction": null, "disused:traffic_signals": null, "STIF:zone": null, "maxspeed:variable": null, "panoramax:0": null, "construction": null, "stop_line": null, "proposed:name": "Delft, Mijnbouwplein", "bicycle_parking:capacity": null, "noexit": null, "check_date:kerb": null, "brand:wikidata": null, "brand": null, "implicit": null, "check_date:traffic_signals:vibration": null, "bicycle_parking": null, "url": null, "mintrackwidth": null, "bridge:support": null, "construction:highway": null, "crossing:saltire": null, "position": null, "hazard": null, "check_date:bin": null, "check_date:bench": null, "pole": null, "tram": null, "reg_name": null, "image": null, "panoramax": null, "red_turn:straight:bicycle": null, "zone:traffic": null, "zone:De_Lijn": null, "route_ref:Flixbus": null, "route_ref:De_Lijn": null, "ref:De_Lijn": null, "name:operator:De_Lijn": null, "train": null, "public_transport:version": null, "facebook": null, "highway:forward": null, "highway:backward": null, "maxheight:signed": null, "wheelchair:description:en": null, "wheelchair:description": null, "cycleway": null, "vehicle": null, "phone": null, "maxheight": null, "entrance": null, "capacity:car": null, "capacity:bus": null, "addr:street": null, "addr:postcode": null, "red_turn:right:bicycle": null, "maxwidth:physical": null, "bus_bay": null, "source:traffic_sign": null, "supervised": null, "traffic_signals:countdown": null, "open": null, "timetable": null, "psv": null, "moped": null, "mofa": null, "emergency": null, "parking": null, "fee": null, "access": null, "official_name": null, "road_marking:direction": null, "road_marking": null, "name:etymology:wikidata": null, "bollard": null, "ref:FR:SNCF_Reseau:RESEAU": null, "railway:position:exact": null, "crossing:light": null, "crossing:bell": null, "crossing:barrier": null, "crossing:activation": null, "proposed:highway": null, "contact:website": null, "cxx:id": null, "cxx:code": null, "speisebezirk": null, "motor_vehicle": null, "footway:crossing:markings": null, "cycleway:crossing:markings": null, "maxspeed:reason": null, "check_date:shelter": null, "source:date": null, "lit": null, "network:wikipedia": null, "network:short": null, "ref_name": null, "note:bus_routes": null, "note:route_ref": null, "traffic_signals:arrow": null, "network:zone": null, "bus_routes": null, "crossing_ref": null, "destination:ref": null, "guidepost": null, "local_ref": null, "old_name": null, "monitoring:traffic": null, "surface": null, "minspeed": null, "maxspeed:hgv:conditional": null, "source:maxspeed": null, "toll": null, "source:url": null, "was:ref": null, "disused:highway": null, "website": null, "check_date:traffic_signals:sound": null, "old_name:-2009": null, "highway_1": null, "enforcement": null, "wikimedia_commons": null, "disused:public_transport": null, "mapillary": null, "survey:date": null, "operator:rcn": null, "expected_rcn_route_relations": null, "carriageway_ref": null, "priority": null, "passenger_information_display": null, "departures_board": null, "bin": null, "bench": null, "ref:NBd": null, "junction": null, "wheelchair": "yes", "shelter": null, "ref:IFOPT": null, "operator:rwn": null, "comment": null, "bicycle_bypass": null, "covered": null, "stop_position": null, "city_limit": null, "horse": null, "network:wikidata": null, "route_ref": null, "amenity": null, "traffic_sign:direction": null, "zone": null, "rwn_ref": null, "expected_rwn_route_relations": null, "traffic_calming": null, "segregated": null, "noname": null, "public_transport": "stop_position", "network": null, "bus": "yes", "traffic_signals": null, "traffic_signals:direction": null, "traffic_sign:forward": null, "side": null, "direction": null, "foot": null, "check_date:crossing": null, "alt_name": null, "surveillance:zone": null, "surveillance:type": null, "camera:type": null, "surveillance": null, "man_made": null, "description": null, "source:nat_ref": null, "operator:abbr": null, "loc_name": null, "source:name": null, "maxspeed": null, "layer": null, "TMC:cid_58:tabcd_1:TypeName:loc": null, "TMC:cid_58:tabcd_1:TypeName": null, "check_date": "2024-04-18", "rcn_ref": null, "network:type": null, "railway": null, "traffic_signals:vibration": null, "check_date:tactile_paving": null, "button_operated": null, "bicycle": null, "traffic_signals:sound": null, "tactile_paving": null, "kerb": null, "crossing:signals": null, "crossing:markings": null, "crossing:island": null, "crossing": null, "payment:brobizz": null, "name:de": null, "name:da": null, "wikipedia:fr": null, "wikipedia": null, "wikidata": null, "start_date": null, "name:nl": null, "name:fr": null, "name:en": null, "junction_name": null, "ele": null, "destination:lang:nl": null, "destination:lang:fr": null, "noref": null, "operator:ref": null, "highway:ref": null, "barrier": null, "toll:hgv": null, "ref:highway": null, "operator:wikidata": null, "operator": null, "nat_ref": null, "distance": null, "traffic_sign": null, "TMC:cid_58:tabcd_1:PrevLocationCode": null, "TMC:cid_58:tabcd_1:NextLocationCode": null, "TMC:cid_58:tabcd_1:LocationCode": null, "TMC:cid_58:tabcd_1:LCLversion": null, "TMC:cid_58:tabcd_1:Direction": null, "TMC:cid_58:tabcd_1:Class": null, "ref": null, "destination": null, "name": "Delft, Julianalaan", "highway": null, "exit_to:right": null, "exit_to:left": null }, "geometry": { "type": "Point", "coordinates": [ 4.3681313, 52.0059352 ] } },
{ "type": "Feature", "properties": { "fid": 8557, "full_id": "n6288594972", "osm_id": "6288594972", "osm_type": "node", "flashing_lights": null, "traffic_signals:shoulder:right": null, "traffic_signals:lanes": null, "passing_place": null, "maxspeed:conditional": null, "not:highway": null, "country": null, "name:forward": null, "name:backward": null, "name:tr": null, "related_law:url": null, "related_law": null, "payment:others": null, "payment:license_plate:website:nl": null, "payment:license_plate:website:en": null, "payment:license_plate:website": null, "payment:license_plate": null, "payment:ideal": null, "payment:credit_cards": null, "note:charge": null, "description:nl": null, "description:en": null, "description:de": null, "check_date:charge": null, "charge:tourist_bus": null, "charge:hgv": null, "charge:bus": null, "charge": null, "brand:website": null, "locked": null, "swing_gate:type": null, "material": null, "cycleway:surface:colour": null, "crossing:signed": null, "traffic_sign:variable:backward": null, "traffic_sign:technology:backward": null, "traffic_sign:backward": null, "traffic_sign:variable:forward": null, "traffic_sign:technology:forward": null, "access:conditional": null, "kerb:right": null, "kerb:left": null, "crosswalk": null, "source:official_ref": null, "operator:wikipedia": null, "operator:type": null, "operator:en": null, "opening_hours": null, "lanes": null, "carriageway_ref:colour": null, "was:traffic_signals:vibration": null, "was:traffic_signals:sound": null, "was:tactile_paving": null, "was:crossing:signals": null, "was:crossing:markings": null, "was:crossing": null, "was:button_operated": null, "lift_gate:type": null, "level": null, "ref:FR:FANTOIR": null, "source:maxheight": null, "give_way:direction": null, "disused:traffic_signals": null, "STIF:zone": null, "maxspeed:variable": null, "panoramax:0": null, "construction": null, "stop_line": null, "proposed:name": null, "bicycle_parking:capacity": null, "noexit": null, "check_date:kerb": null, "brand:wikidata": null, "brand": null, "implicit": null, "check_date:traffic_signals:vibration": null, "bicycle_parking": null, "url": null, "mintrackwidth": null, "bridge:support": null, "construction:highway": null, "crossing:saltire": null, "position": null, "hazard": null, "check_date:bin": null, "check_date:bench": null, "pole": null, "tram": null, "reg_name": null, "image": null, "panoramax": null, "red_turn:straight:bicycle": null, "zone:traffic": null, "zone:De_Lijn": null, "route_ref:Flixbus": null, "route_ref:De_Lijn": null, "ref:De_Lijn": null, "name:operator:De_Lijn": null, "train": null, "public_transport:version": null, "facebook": null, "highway:forward": null, "highway:backward": null, "maxheight:signed": null, "wheelchair:description:en": null, "wheelchair:description": null, "cycleway": null, "vehicle": null, "phone": null, "maxheight": null, "entrance": null, "capacity:car": null, "capacity:bus": null, "addr:street": null, "addr:postcode": null, "red_turn:right:bicycle": null, "maxwidth:physical": null, "bus_bay": null, "source:traffic_sign": null, "supervised": null, "traffic_signals:countdown": null, "open": null, "timetable": null, "psv": null, "moped": null, "mofa": null, "emergency": null, "parking": null, "fee": null, "access": null, "official_name": null, "road_marking:direction": null, "road_marking": null, "name:etymology:wikidata": null, "bollard": null, "ref:FR:SNCF_Reseau:RESEAU": null, "railway:position:exact": null, "crossing:light": null, "crossing:bell": null, "crossing:barrier": null, "crossing:activation": null, "proposed:highway": null, "contact:website": null, "cxx:id": null, "cxx:code": null, "speisebezirk": null, "motor_vehicle": null, "footway:crossing:markings": null, "cycleway:crossing:markings": null, "maxspeed:reason": null, "check_date:shelter": null, "source:date": null, "lit": null, "network:wikipedia": null, "network:short": null, "ref_name": null, "note:bus_routes": null, "note:route_ref": null, "traffic_signals:arrow": null, "network:zone": null, "bus_routes": null, "crossing_ref": null, "destination:ref": null, "guidepost": null, "local_ref": null, "old_name": null, "monitoring:traffic": null, "surface": null, "minspeed": null, "maxspeed:hgv:conditional": null, "source:maxspeed": null, "toll": null, "source:url": null, "was:ref": null, "disused:highway": null, "website": null, "check_date:traffic_signals:sound": null, "old_name:-2009": null, "highway_1": null, "enforcement": null, "wikimedia_commons": null, "disused:public_transport": null, "mapillary": null, "survey:date": null, "operator:rcn": null, "expected_rcn_route_relations": null, "carriageway_ref": null, "priority": null, "passenger_information_display": null, "departures_board": null, "bin": null, "bench": null, "ref:NBd": null, "junction": null, "wheelchair": null, "shelter": null, "ref:IFOPT": null, "operator:rwn": null, "comment": null, "bicycle_bypass": null, "covered": null, "stop_position": null, "city_limit": null, "horse": null, "network:wikidata": null, "route_ref": null, "amenity": null, "traffic_sign:direction": null, "zone": null, "rwn_ref": null, "expected_rwn_route_relations": null, "traffic_calming": null, "segregated": null, "noname": null, "public_transport": "stop_position", "network": "Bus Rotterdam", "bus": "yes", "traffic_signals": null, "traffic_signals:direction": null, "traffic_sign:forward": null, "side": null, "direction": null, "foot": null, "check_date:crossing": null, "alt_name": null, "surveillance:zone": null, "surveillance:type": null, "camera:type": null, "surveillance": null, "man_made": null, "description": null, "source:nat_ref": null, "operator:abbr": null, "loc_name": null, "source:name": null, "maxspeed": null, "layer": null, "TMC:cid_58:tabcd_1:TypeName:loc": null, "TMC:cid_58:tabcd_1:TypeName": null, "check_date": null, "rcn_ref": null, "network:type": null, "railway": null, "traffic_signals:vibration": null, "check_date:tactile_paving": null, "button_operated": null, "bicycle": null, "traffic_signals:sound": null, "tactile_paving": "yes", "kerb": null, "crossing:signals": null, "crossing:markings": null, "crossing:island": null, "crossing": null, "payment:brobizz": null, "name:de": null, "name:da": null, "wikipedia:fr": null, "wikipedia": null, "wikidata": null, "start_date": null, "name:nl": null, "name:fr": null, "name:en": null, "junction_name": null, "ele": null, "destination:lang:nl": null, "destination:lang:fr": null, "noref": null, "operator:ref": null, "highway:ref": null, "barrier": null, "toll:hgv": null, "ref:highway": null, "operator:wikidata": null, "operator": "RET", "nat_ref": null, "distance": null, "traffic_sign": null, "TMC:cid_58:tabcd_1:PrevLocationCode": null, "TMC:cid_58:tabcd_1:NextLocationCode": null, "TMC:cid_58:tabcd_1:LocationCode": null, "TMC:cid_58:tabcd_1:LCLversion": null, "TMC:cid_58:tabcd_1:Direction": null, "TMC:cid_58:tabcd_1:Class": null, "ref": null, "destination": null, "name": "Rotterdam, Henegouwerplein", "highway": null, "exit_to:right": null, "exit_to:left": null }, "geometry": { "type": "Point", "coordinates": [ 4.4613142, 51.9221156 ] } },
{ "type": "Feature", "properties": { "fid": 8658, "full_id": "n6340401594", "osm_id": "6340401594", "osm_type": "node", "flashing_lights": null, "traffic_signals:shoulder:right": null, "traffic_signals:lanes": null, "passing_place": null, "maxspeed:conditional": null, "not:highway": null, "country": null, "name:forward": null, "name:backward": null, "name:tr": null, "related_law:url": null, "related_law": null, "payment:others": null, "payment:license_plate:website:nl": null, "payment:license_plate:website:en": null, "payment:license_plate:website": null, "payment:license_plate": null, "payment:ideal": null, "payment:credit_cards": null, "note:charge": null, "description:nl": null, "description:en": null, "description:de": null, "check_date:charge": null, "charge:tourist_bus": null, "charge:hgv": null, "charge:bus": null, "charge": null, "brand:website": null, "locked": null, "swing_gate:type": null, "material": null, "cycleway:surface:colour": null, "crossing:signed": null, "traffic_sign:variable:backward": null, "traffic_sign:technology:backward": null, "traffic_sign:backward": null, "traffic_sign:variable:forward": null, "traffic_sign:technology:forward": null, "access:conditional": null, "kerb:right": null, "kerb:left": null, "crosswalk": null, "source:official_ref": null, "operator:wikipedia": null, "operator:type": null, "operator:en": null, "opening_hours": null, "lanes": null, "carriageway_ref:colour": null, "was:traffic_signals:vibration": null, "was:traffic_signals:sound": null, "was:tactile_paving": null, "was:crossing:signals": null, "was:crossing:markings": null, "was:crossing": null, "was:button_operated": null, "lift_gate:type": null, "level": null, "ref:FR:FANTOIR": null, "source:maxheight": null, "give_way:direction": null, "disused:traffic_signals": null, "STIF:zone": null, "maxspeed:variable": null, "panoramax:0": null, "construction": null, "stop_line": null, "proposed:name": null, "bicycle_parking:capacity": null, "noexit": null, "check_date:kerb": null, "brand:wikidata": null, "brand": null, "implicit": null, "check_date:traffic_signals:vibration": null, "bicycle_parking": null, "url": null, "mintrackwidth": null, "bridge:support": null, "construction:highway": null, "crossing:saltire": null, "position": null, "hazard": null, "check_date:bin": null, "check_date:bench": null, "pole": null, "tram": null, "reg_name": null, "image": null, "panoramax": null, "red_turn:straight:bicycle": null, "zone:traffic": null, "zone:De_Lijn": null, "route_ref:Flixbus": null, "route_ref:De_Lijn": null, "ref:De_Lijn": null, "name:operator:De_Lijn": null, "train": null, "public_transport:version": null, "facebook": null, "highway:forward": null, "highway:backward": null, "maxheight:signed": null, "wheelchair:description:en": null, "wheelchair:description": null, "cycleway": null, "vehicle": null, "phone": null, "maxheight": null, "entrance": null, "capacity:car": null, "capacity:bus": null, "addr:street": null, "addr:postcode": null, "red_turn:right:bicycle": null, "maxwidth:physical": null, "bus_bay": null, "source:traffic_sign": null, "supervised": null, "traffic_signals:countdown": null, "open": null, "timetable": null, "psv": null, "moped": null, "mofa": null, "emergency": null, "parking": null, "fee": null, "access": null, "official_name": null, "road_marking:direction": null, "road_marking": null, "name:etymology:wikidata": null, "bollard": null, "ref:FR:SNCF_Reseau:RESEAU": null, "railway:position:exact": null, "crossing:light": null, "crossing:bell": null, "crossing:barrier": null, "crossing:activation": null, "proposed:highway": null, "contact:website": null, "cxx:id": null, "cxx:code": null, "speisebezirk": null, "motor_vehicle": null, "footway:crossing:markings": null, "cycleway:crossing:markings": null, "maxspeed:reason": null, "check_date:shelter": null, "source:date": null, "lit": null, "network:wikipedia": null, "network:short": null, "ref_name": null, "note:bus_routes": null, "note:route_ref": null, "traffic_signals:arrow": null, "network:zone": null, "bus_routes": null, "crossing_ref": null, "destination:ref": null, "guidepost": null, "local_ref": null, "old_name": null, "monitoring:traffic": null, "surface": null, "minspeed": null, "maxspeed:hgv:conditional": null, "source:maxspeed": null, "toll": null, "source:url": null, "was:ref": null, "disused:highway": null, "website": null, "check_date:traffic_signals:sound": null, "old_name:-2009": null, "highway_1": null, "enforcement": null, "wikimedia_commons": null, "disused:public_transport": null, "mapillary": null, "survey:date": null, "operator:rcn": null, "expected_rcn_route_relations": null, "carriageway_ref": null, "priority": null, "passenger_information_display": null, "departures_board": null, "bin": null, "bench": null, "ref:NBd": null, "junction": null, "wheelchair": null, "shelter": null, "ref:IFOPT": null, "operator:rwn": null, "comment": null, "bicycle_bypass": null, "covered": null, "stop_position": null, "city_limit": null, "horse": null, "network:wikidata": null, "route_ref": null, "amenity": null, "traffic_sign:direction": null, "zone": null, "rwn_ref": null, "expected_rwn_route_relations": null, "traffic_calming": null, "segregated": null, "noname": null, "public_transport": "stop_position", "network": "Bus Rotterdam", "bus": "yes", "traffic_signals": null, "traffic_signals:direction": null, "traffic_sign:forward": null, "side": null, "direction": null, "foot": null, "check_date:crossing": null, "alt_name": null, "surveillance:zone": null, "surveillance:type": null, "camera:type": null, "surveillance": null, "man_made": null, "description": null, "source:nat_ref": null, "operator:abbr": null, "loc_name": null, "source:name": null, "maxspeed": null, "layer": null, "TMC:cid_58:tabcd_1:TypeName:loc": null, "TMC:cid_58:tabcd_1:TypeName": null, "check_date": null, "rcn_ref": null, "network:type": null, "railway": null, "traffic_signals:vibration": null, "check_date:tactile_paving": null, "button_operated": null, "bicycle": null, "traffic_signals:sound": null, "tactile_paving": null, "kerb": null, "crossing:signals": null, "crossing:markings": null, "crossing:island": null, "crossing": null, "payment:brobizz": null, "name:de": null, "name:da": null, "wikipedia:fr": null, "wikipedia": null, "wikidata": null, "start_date": null, "name:nl": null, "name:fr": null, "name:en": null, "junction_name": null, "ele": null, "destination:lang:nl": null, "destination:lang:fr": null, "noref": null, "operator:ref": null, "highway:ref": null, "barrier": null, "toll:hgv": null, "ref:highway": null, "operator:wikidata": null, "operator": "RET", "nat_ref": null, "distance": null, "traffic_sign": null, "TMC:cid_58:tabcd_1:PrevLocationCode": null, "TMC:cid_58:tabcd_1:NextLocationCode": null, "TMC:cid_58:tabcd_1:LocationCode": null, "TMC:cid_58:tabcd_1:LCLversion": null, "TMC:cid_58:tabcd_1:Direction": null, "TMC:cid_58:tabcd_1:Class": null, "ref": null, "destination": null, "name": "Rotterdam, 2e Hogenbanweg", "highway": null, "exit_to:right": null, "exit_to:left": null }, "geometry": { "type": "Point", "coordinates": [ 4.4275644, 51.9364877 ] } },
{ "type": "Feature", "properties": { "fid": 8662, "full_id": "n6340401598", "osm_id": "6340401598", "osm_type": "node", "flashing_lights": null, "traffic_signals:shoulder:right": null, "traffic_signals:lanes": null, "passing_place": null, "maxspeed:conditional": null, "not:highway": null, "country": null, "name:forward": null, "name:backward": null, "name:tr": null, "related_law:url": null, "related_law": null, "payment:others": null, "payment:license_plate:website:nl": null, "payment:license_plate:website:en": null, "payment:license_plate:website": null, "payment:license_plate": null, "payment:ideal": null, "payment:credit_cards": null, "note:charge": null, "description:nl": null, "description:en": null, "description:de": null, "check_date:charge": null, "charge:tourist_bus": null, "charge:hgv": null, "charge:bus": null, "charge": null, "brand:website": null, "locked": null, "swing_gate:type": null, "material": null, "cycleway:surface:colour": null, "crossing:signed": null, "traffic_sign:variable:backward": null, "traffic_sign:technology:backward": null, "traffic_sign:backward": null, "traffic_sign:variable:forward": null, "traffic_sign:technology:forward": null, "access:conditional": null, "kerb:right": null, "kerb:left": null, "crosswalk": null, "source:official_ref": null, "operator:wikipedia": null, "operator:type": null, "operator:en": null, "opening_hours": null, "lanes": null, "carriageway_ref:colour": null, "was:traffic_signals:vibration": null, "was:traffic_signals:sound": null, "was:tactile_paving": null, "was:crossing:signals": null, "was:crossing:markings": null, "was:crossing": null, "was:button_operated": null, "lift_gate:type": null, "level": null, "ref:FR:FANTOIR": null, "source:maxheight": null, "give_way:direction": null, "disused:traffic_signals": null, "STIF:zone": null, "maxspeed:variable": null, "panoramax:0": null, "construction": null, "stop_line": null, "proposed:name": null, "bicycle_parking:capacity": null, "noexit": null, "check_date:kerb": null, "brand:wikidata": null, "brand": null, "implicit": null, "check_date:traffic_signals:vibration": null, "bicycle_parking": null, "url": null, "mintrackwidth": null, "bridge:support": null, "construction:highway": null, "crossing:saltire": null, "position": null, "hazard": null, "check_date:bin": null, "check_date:bench": null, "pole": null, "tram": null, "reg_name": null, "image": null, "panoramax": null, "red_turn:straight:bicycle": null, "zone:traffic": null, "zone:De_Lijn": null, "route_ref:Flixbus": null, "route_ref:De_Lijn": null, "ref:De_Lijn": null, "name:operator:De_Lijn": null, "train": null, "public_transport:version": null, "facebook": null, "highway:forward": null, "highway:backward": null, "maxheight:signed": null, "wheelchair:description:en": null, "wheelchair:description": null, "cycleway": null, "vehicle": null, "phone": null, "maxheight": null, "entrance": null, "capacity:car": null, "capacity:bus": null, "addr:street": null, "addr:postcode": null, "red_turn:right:bicycle": null, "maxwidth:physical": null, "bus_bay": null, "source:traffic_sign": null, "supervised": null, "traffic_signals:countdown": null, "open": null, "timetable": null, "psv": null, "moped": null, "mofa": null, "emergency": null, "parking": null, "fee": null, "access": null, "official_name": null, "road_marking:direction": null, "road_marking": null, "name:etymology:wikidata": null, "bollard": null, "ref:FR:SNCF_Reseau:RESEAU": null, "railway:position:exact": null, "crossing:light": null, "crossing:bell": null, "crossing:barrier": null, "crossing:activation": null, "proposed:highway": null, "contact:website": null, "cxx:id": null, "cxx:code": null, "speisebezirk": null, "motor_vehicle": null, "footway:crossing:markings": null, "cycleway:crossing:markings": null, "maxspeed:reason": null, "check_date:shelter": null, "source:date": null, "lit": null, "network:wikipedia": null, "network:short": null, "ref_name": null, "note:bus_routes": null, "note:route_ref": null, "traffic_signals:arrow": null, "network:zone": null, "bus_routes": null, "crossing_ref": null, "destination:ref": null, "guidepost": null, "local_ref": null, "old_name": null, "monitoring:traffic": null, "surface": null, "minspeed": null, "maxspeed:hgv:conditional": null, "source:maxspeed": null, "toll": null, "source:url": null, "was:ref": null, "disused:highway": null, "website": null, "check_date:traffic_signals:sound": null, "old_name:-2009": null, "highway_1": null, "enforcement": null, "wikimedia_commons": null, "disused:public_transport": null, "mapillary": null, "survey:date": null, "operator:rcn": null, "expected_rcn_route_relations": null, "carriageway_ref": null, "priority": null, "passenger_information_display": null, "departures_board": null, "bin": null, "bench": null, "ref:NBd": null, "junction": null, "wheelchair": null, "shelter": null, "ref:IFOPT": null, "operator:rwn": null, "comment": null, "bicycle_bypass": null, "covered": null, "stop_position": null, "city_limit": null, "horse": null, "network:wikidata": null, "route_ref": null, "amenity": null, "traffic_sign:direction": null, "zone": null, "rwn_ref": null, "expected_rwn_route_relations": null, "traffic_calming": null, "segregated": null, "noname": null, "public_transport": "stop_position", "network": "Bus Rotterdam", "bus": "yes", "traffic_signals": null, "traffic_signals:direction": null, "traffic_sign:forward": null, "side": null, "direction": null, "foot": null, "check_date:crossing": null, "alt_name": null, "surveillance:zone": null, "surveillance:type": null, "camera:type": null, "surveillance": null, "man_made": null, "description": null, "source:nat_ref": null, "operator:abbr": null, "loc_name": null, "source:name": null, "maxspeed": null, "layer": null, "TMC:cid_58:tabcd_1:TypeName:loc": null, "TMC:cid_58:tabcd_1:TypeName": null, "check_date": null, "rcn_ref": null, "network:type": null, "railway": null, "traffic_signals:vibration": null, "check_date:tactile_paving": null, "button_operated": null, "bicycle": null, "traffic_signals:sound": null, "tactile_paving": null, "kerb": null, "crossing:signals": null, "crossing:markings": null, "crossing:island": null, "crossing": null, "payment:brobizz": null, "name:de": null, "name:da": null, "wikipedia:fr": null, "wikipedia": null, "wikidata": null, "start_date": null, "name:nl": null, "name:fr": null, "name:en": null, "junction_name": null, "ele": null, "destination:lang:nl": null, "destination:lang:fr": null, "noref": null, "operator:ref": null, "highway:ref": null, "barrier": null, "toll:hgv": null, "ref:highway": null, "operator:wikidata": null, "operator": "RET", "nat_ref": null, "distance": null, "traffic_sign": null, "TMC:cid_58:tabcd_1:PrevLocationCode": null, "TMC:cid_58:tabcd_1:NextLocationCode": null, "TMC:cid_58:tabcd_1:LocationCode": null, "TMC:cid_58:tabcd_1:LCLversion": null, "TMC:cid_58:tabcd_1:Direction": null, "TMC:cid_58:tabcd_1:Class": null, "ref": null, "destination": null, "name": "Rotterdam, Blijdorpplein", "highway": null, "exit_to:right": null, "exit_to:left": null }, "geometry": { "type": "Point", "coordinates": [ 4.442639491725511, 51.929856836724099 ] } },
{ "type": "Feature", "properties": { "fid": 8676, "full_id": "n6347417735", "osm_id": "6347417735", "osm_type": "node", "flashing_lights": null, "traffic_signals:shoulder:right": null, "traffic_signals:lanes": null, "passing_place": null, "maxspeed:conditional": null, "not:highway": null, "country": null, "name:forward": null, "name:backward": null, "name:tr": null, "related_law:url": null, "related_law": null, "payment:others": null, "payment:license_plate:website:nl": null, "payment:license_plate:website:en": null, "payment:license_plate:website": null, "payment:license_plate": null, "payment:ideal": null, "payment:credit_cards": null, "note:charge": null, "description:nl": null, "description:en": null, "description:de": null, "check_date:charge": null, "charge:tourist_bus": null, "charge:hgv": null, "charge:bus": null, "charge": null, "brand:website": null, "locked": null, "swing_gate:type": null, "material": null, "cycleway:surface:colour": null, "crossing:signed": null, "traffic_sign:variable:backward": null, "traffic_sign:technology:backward": null, "traffic_sign:backward": null, "traffic_sign:variable:forward": null, "traffic_sign:technology:forward": null, "access:conditional": null, "kerb:right": null, "kerb:left": null, "crosswalk": null, "source:official_ref": null, "operator:wikipedia": null, "operator:type": null, "operator:en": null, "opening_hours": null, "lanes": null, "carriageway_ref:colour": null, "was:traffic_signals:vibration": null, "was:traffic_signals:sound": null, "was:tactile_paving": null, "was:crossing:signals": null, "was:crossing:markings": null, "was:crossing": null, "was:button_operated": null, "lift_gate:type": null, "level": null, "ref:FR:FANTOIR": null, "source:maxheight": null, "give_way:direction": null, "disused:traffic_signals": null, "STIF:zone": null, "maxspeed:variable": null, "panoramax:0": null, "construction": null, "stop_line": null, "proposed:name": null, "bicycle_parking:capacity": null, "noexit": null, "check_date:kerb": null, "brand:wikidata": null, "brand": null, "implicit": null, "check_date:traffic_signals:vibration": null, "bicycle_parking": null, "url": null, "mintrackwidth": null, "bridge:support": null, "construction:highway": null, "crossing:saltire": null, "position": null, "hazard": null, "check_date:bin": null, "check_date:bench": null, "pole": null, "tram": null, "reg_name": null, "image": null, "panoramax": null, "red_turn:straight:bicycle": null, "zone:traffic": null, "zone:De_Lijn": null, "route_ref:Flixbus": null, "route_ref:De_Lijn": null, "ref:De_Lijn": null, "name:operator:De_Lijn": null, "train": null, "public_transport:version": null, "facebook": null, "highway:forward": null, "highway:backward": null, "maxheight:signed": null, "wheelchair:description:en": null, "wheelchair:description": null, "cycleway": null, "vehicle": null, "phone": null, "maxheight": null, "entrance": null, "capacity:car": null, "capacity:bus": null, "addr:street": null, "addr:postcode": null, "red_turn:right:bicycle": null, "maxwidth:physical": null, "bus_bay": null, "source:traffic_sign": null, "supervised": null, "traffic_signals:countdown": null, "open": null, "timetable": null, "psv": null, "moped": null, "mofa": null, "emergency": null, "parking": null, "fee": null, "access": null, "official_name": null, "road_marking:direction": null, "road_marking": null, "name:etymology:wikidata": null, "bollard": null, "ref:FR:SNCF_Reseau:RESEAU": null, "railway:position:exact": null, "crossing:light": null, "crossing:bell": null, "crossing:barrier": null, "crossing:activation": null, "proposed:highway": null, "contact:website": null, "cxx:id": null, "cxx:code": null, "speisebezirk": null, "motor_vehicle": null, "footway:crossing:markings": null, "cycleway:crossing:markings": null, "maxspeed:reason": null, "check_date:shelter": null, "source:date": null, "lit": null, "network:wikipedia": null, "network:short": null, "ref_name": null, "note:bus_routes": null, "note:route_ref": null, "traffic_signals:arrow": null, "network:zone": null, "bus_routes": null, "crossing_ref": null, "destination:ref": null, "guidepost": null, "local_ref": null, "old_name": null, "monitoring:traffic": null, "surface": null, "minspeed": null, "maxspeed:hgv:conditional": null, "source:maxspeed": null, "toll": null, "source:url": null, "was:ref": null, "disused:highway": null, "website": null, "check_date:traffic_signals:sound": null, "old_name:-2009": null, "highway_1": null, "enforcement": null, "wikimedia_commons": null, "disused:public_transport": null, "mapillary": null, "survey:date": null, "operator:rcn": null, "expected_rcn_route_relations": null, "carriageway_ref": null, "priority": null, "passenger_information_display": null, "departures_board": null, "bin": null, "bench": null, "ref:NBd": null, "junction": null, "wheelchair": null, "shelter": null, "ref:IFOPT": null, "operator:rwn": null, "comment": null, "bicycle_bypass": null, "covered": null, "stop_position": null, "city_limit": null, "horse": null, "network:wikidata": null, "route_ref": null, "amenity": null, "traffic_sign:direction": null, "zone": null, "rwn_ref": null, "expected_rwn_route_relations": null, "traffic_calming": null, "segregated": null, "noname": null, "public_transport": "stop_position", "network": null, "bus": "yes", "traffic_signals": null, "traffic_signals:direction": null, "traffic_sign:forward": null, "side": null, "direction": null, "foot": null, "check_date:crossing": null, "alt_name": null, "surveillance:zone": null, "surveillance:type": null, "camera:type": null, "surveillance": null, "man_made": null, "description": null, "source:nat_ref": null, "operator:abbr": null, "loc_name": null, "source:name": null, "maxspeed": null, "layer": null, "TMC:cid_58:tabcd_1:TypeName:loc": null, "TMC:cid_58:tabcd_1:TypeName": null, "check_date": null, "rcn_ref": null, "network:type": null, "railway": null, "traffic_signals:vibration": null, "check_date:tactile_paving": null, "button_operated": null, "bicycle": null, "traffic_signals:sound": null, "tactile_paving": null, "kerb": null, "crossing:signals": null, "crossing:markings": null, "crossing:island": null, "crossing": null, "payment:brobizz": null, "name:de": null, "name:da": null, "wikipedia:fr": null, "wikipedia": null, "wikidata": null, "start_date": null, "name:nl": null, "name:fr": null, "name:en": null, "junction_name": null, "ele": null, "destination:lang:nl": null, "destination:lang:fr": null, "noref": null, "operator:ref": null, "highway:ref": null, "barrier": null, "toll:hgv": null, "ref:highway": null, "operator:wikidata": null, "operator": null, "nat_ref": null, "distance": null, "traffic_sign": null, "TMC:cid_58:tabcd_1:PrevLocationCode": null, "TMC:cid_58:tabcd_1:NextLocationCode": null, "TMC:cid_58:tabcd_1:LocationCode": null, "TMC:cid_58:tabcd_1:LCLversion": null, "TMC:cid_58:tabcd_1:Direction": null, "TMC:cid_58:tabcd_1:Class": null, "ref": null, "destination": null, "name": "Rotterdam, Diergaarde Blijdorp", "highway": null, "exit_to:right": null, "exit_to:left": null }, "geometry": { "type": "Point", "coordinates": [ 4.4543871, 51.925981 ] } },
{ "type": "Feature", "properties": { "fid": 9227, "full_id": "n6907074043", "osm_id": "6907074043", "osm_type": "node", "flashing_lights": null, "traffic_signals:shoulder:right": null, "traffic_signals:lanes": null, "passing_place": null, "maxspeed:conditional": null, "not:highway": null, "country": null, "name:forward": null, "name:backward": null, "name:tr": null, "related_law:url": null, "related_law": null, "payment:others": null, "payment:license_plate:website:nl": null, "payment:license_plate:website:en": null, "payment:license_plate:website": null, "payment:license_plate": null, "payment:ideal": null, "payment:credit_cards": null, "note:charge": null, "description:nl": null, "description:en": null, "description:de": null, "check_date:charge": null, "charge:tourist_bus": null, "charge:hgv": null, "charge:bus": null, "charge": null, "brand:website": null, "locked": null, "swing_gate:type": null, "material": null, "cycleway:surface:colour": null, "crossing:signed": null, "traffic_sign:variable:backward": null, "traffic_sign:technology:backward": null, "traffic_sign:backward": null, "traffic_sign:variable:forward": null, "traffic_sign:technology:forward": null, "access:conditional": null, "kerb:right": null, "kerb:left": null, "crosswalk": null, "source:official_ref": null, "operator:wikipedia": null, "operator:type": null, "operator:en": null, "opening_hours": null, "lanes": null, "carriageway_ref:colour": null, "was:traffic_signals:vibration": null, "was:traffic_signals:sound": null, "was:tactile_paving": null, "was:crossing:signals": null, "was:crossing:markings": null, "was:crossing": null, "was:button_operated": null, "lift_gate:type": null, "level": null, "ref:FR:FANTOIR": null, "source:maxheight": null, "give_way:direction": null, "disused:traffic_signals": null, "STIF:zone": null, "maxspeed:variable": null, "panoramax:0": null, "construction": null, "stop_line": null, "proposed:name": null, "bicycle_parking:capacity": null, "noexit": null, "check_date:kerb": null, "brand:wikidata": null, "brand": null, "implicit": null, "check_date:traffic_signals:vibration": null, "bicycle_parking": null, "url": null, "mintrackwidth": null, "bridge:support": null, "construction:highway": null, "crossing:saltire": null, "position": null, "hazard": null, "check_date:bin": null, "check_date:bench": null, "pole": null, "tram": null, "reg_name": null, "image": null, "panoramax": null, "red_turn:straight:bicycle": null, "zone:traffic": null, "zone:De_Lijn": null, "route_ref:Flixbus": null, "route_ref:De_Lijn": null, "ref:De_Lijn": null, "name:operator:De_Lijn": null, "train": null, "public_transport:version": null, "facebook": null, "highway:forward": null, "highway:backward": null, "maxheight:signed": null, "wheelchair:description:en": null, "wheelchair:description": null, "cycleway": null, "vehicle": null, "phone": null, "maxheight": null, "entrance": null, "capacity:car": null, "capacity:bus": null, "addr:street": null, "addr:postcode": null, "red_turn:right:bicycle": null, "maxwidth:physical": null, "bus_bay": null, "source:traffic_sign": null, "supervised": null, "traffic_signals:countdown": null, "open": null, "timetable": null, "psv": null, "moped": null, "mofa": null, "emergency": null, "parking": null, "fee": null, "access": null, "official_name": null, "road_marking:direction": null, "road_marking": null, "name:etymology:wikidata": null, "bollard": null, "ref:FR:SNCF_Reseau:RESEAU": null, "railway:position:exact": null, "crossing:light": null, "crossing:bell": null, "crossing:barrier": null, "crossing:activation": null, "proposed:highway": null, "contact:website": null, "cxx:id": null, "cxx:code": null, "speisebezirk": null, "motor_vehicle": null, "footway:crossing:markings": null, "cycleway:crossing:markings": null, "maxspeed:reason": null, "check_date:shelter": null, "source:date": null, "lit": null, "network:wikipedia": null, "network:short": null, "ref_name": null, "note:bus_routes": null, "note:route_ref": null, "traffic_signals:arrow": null, "network:zone": null, "bus_routes": null, "crossing_ref": null, "destination:ref": null, "guidepost": null, "local_ref": null, "old_name": null, "monitoring:traffic": null, "surface": null, "minspeed": null, "maxspeed:hgv:conditional": null, "source:maxspeed": null, "toll": null, "source:url": null, "was:ref": null, "disused:highway": null, "website": null, "check_date:traffic_signals:sound": null, "old_name:-2009": null, "highway_1": null, "enforcement": null, "wikimedia_commons": null, "disused:public_transport": "stop_position", "mapillary": null, "survey:date": null, "operator:rcn": null, "expected_rcn_route_relations": null, "carriageway_ref": null, "priority": null, "passenger_information_display": null, "departures_board": null, "bin": null, "bench": null, "ref:NBd": null, "junction": null, "wheelchair": null, "shelter": null, "ref:IFOPT": null, "operator:rwn": null, "comment": null, "bicycle_bypass": null, "covered": null, "stop_position": null, "city_limit": null, "horse": null, "network:wikidata": null, "route_ref": null, "amenity": null, "traffic_sign:direction": null, "zone": null, "rwn_ref": null, "expected_rwn_route_relations": null, "traffic_calming": null, "segregated": null, "noname": null, "public_transport": null, "network": "Bus Rotterdam", "bus": "yes", "traffic_signals": null, "traffic_signals:direction": null, "traffic_sign:forward": null, "side": null, "direction": null, "foot": null, "check_date:crossing": null, "alt_name": null, "surveillance:zone": null, "surveillance:type": null, "camera:type": null, "surveillance": null, "man_made": null, "description": null, "source:nat_ref": null, "operator:abbr": null, "loc_name": null, "source:name": null, "maxspeed": null, "layer": null, "TMC:cid_58:tabcd_1:TypeName:loc": null, "TMC:cid_58:tabcd_1:TypeName": null, "check_date": null, "rcn_ref": null, "network:type": null, "railway": null, "traffic_signals:vibration": null, "check_date:tactile_paving": null, "button_operated": null, "bicycle": null, "traffic_signals:sound": null, "tactile_paving": null, "kerb": null, "crossing:signals": null, "crossing:markings": null, "crossing:island": null, "crossing": null, "payment:brobizz": null, "name:de": null, "name:da": null, "wikipedia:fr": null, "wikipedia": null, "wikidata": null, "start_date": null, "name:nl": null, "name:fr": null, "name:en": null, "junction_name": null, "ele": null, "destination:lang:nl": null, "destination:lang:fr": null, "noref": null, "operator:ref": null, "highway:ref": null, "barrier": null, "toll:hgv": null, "ref:highway": null, "operator:wikidata": null, "operator": "RET", "nat_ref": null, "distance": null, "traffic_sign": null, "TMC:cid_58:tabcd_1:PrevLocationCode": null, "TMC:cid_58:tabcd_1:NextLocationCode": null, "TMC:cid_58:tabcd_1:LocationCode": null, "TMC:cid_58:tabcd_1:LCLversion": null, "TMC:cid_58:tabcd_1:Direction": null, "TMC:cid_58:tabcd_1:Class": null, "ref": null, "destination": null, "name": "Rotterdam, Vroesenpark", "highway": null, "exit_to:right": null, "exit_to:left": null }, "geometry": { "type": "Point", "coordinates": [ 4.455074979613419, 51.928472242833976 ] } },
{ "type": "Feature", "properties": { "fid": 9229, "full_id": "n6907074046", "osm_id": "6907074046", "osm_type": "node", "flashing_lights": null, "traffic_signals:shoulder:right": null, "traffic_signals:lanes": null, "passing_place": null, "maxspeed:conditional": null, "not:highway": null, "country": null, "name:forward": null, "name:backward": null, "name:tr": null, "related_law:url": null, "related_law": null, "payment:others": null, "payment:license_plate:website:nl": null, "payment:license_plate:website:en": null, "payment:license_plate:website": null, "payment:license_plate": null, "payment:ideal": null, "payment:credit_cards": null, "note:charge": null, "description:nl": null, "description:en": null, "description:de": null, "check_date:charge": null, "charge:tourist_bus": null, "charge:hgv": null, "charge:bus": null, "charge": null, "brand:website": null, "locked": null, "swing_gate:type": null, "material": null, "cycleway:surface:colour": null, "crossing:signed": null, "traffic_sign:variable:backward": null, "traffic_sign:technology:backward": null, "traffic_sign:backward": null, "traffic_sign:variable:forward": null, "traffic_sign:technology:forward": null, "access:conditional": null, "kerb:right": null, "kerb:left": null, "crosswalk": null, "source:official_ref": null, "operator:wikipedia": null, "operator:type": null, "operator:en": null, "opening_hours": null, "lanes": null, "carriageway_ref:colour": null, "was:traffic_signals:vibration": null, "was:traffic_signals:sound": null, "was:tactile_paving": null, "was:crossing:signals": null, "was:crossing:markings": null, "was:crossing": null, "was:button_operated": null, "lift_gate:type": null, "level": null, "ref:FR:FANTOIR": null, "source:maxheight": null, "give_way:direction": null, "disused:traffic_signals": null, "STIF:zone": null, "maxspeed:variable": null, "panoramax:0": null, "construction": null, "stop_line": null, "proposed:name": null, "bicycle_parking:capacity": null, "noexit": null, "check_date:kerb": null, "brand:wikidata": null, "brand": null, "implicit": null, "check_date:traffic_signals:vibration": null, "bicycle_parking": null, "url": null, "mintrackwidth": null, "bridge:support": null, "construction:highway": null, "crossing:saltire": null, "position": null, "hazard": null, "check_date:bin": null, "check_date:bench": null, "pole": null, "tram": null, "reg_name": null, "image": null, "panoramax": null, "red_turn:straight:bicycle": null, "zone:traffic": null, "zone:De_Lijn": null, "route_ref:Flixbus": null, "route_ref:De_Lijn": null, "ref:De_Lijn": null, "name:operator:De_Lijn": null, "train": null, "public_transport:version": null, "facebook": null, "highway:forward": null, "highway:backward": null, "maxheight:signed": null, "wheelchair:description:en": null, "wheelchair:description": null, "cycleway": null, "vehicle": null, "phone": null, "maxheight": null, "entrance": null, "capacity:car": null, "capacity:bus": null, "addr:street": null, "addr:postcode": null, "red_turn:right:bicycle": null, "maxwidth:physical": null, "bus_bay": null, "source:traffic_sign": null, "supervised": null, "traffic_signals:countdown": null, "open": null, "timetable": null, "psv": null, "moped": null, "mofa": null, "emergency": null, "parking": null, "fee": null, "access": null, "official_name": null, "road_marking:direction": null, "road_marking": null, "name:etymology:wikidata": null, "bollard": null, "ref:FR:SNCF_Reseau:RESEAU": null, "railway:position:exact": null, "crossing:light": null, "crossing:bell": null, "crossing:barrier": null, "crossing:activation": null, "proposed:highway": null, "contact:website": null, "cxx:id": null, "cxx:code": null, "speisebezirk": null, "motor_vehicle": null, "footway:crossing:markings": null, "cycleway:crossing:markings": null, "maxspeed:reason": null, "check_date:shelter": null, "source:date": null, "lit": null, "network:wikipedia": null, "network:short": null, "ref_name": null, "note:bus_routes": null, "note:route_ref": null, "traffic_signals:arrow": null, "network:zone": null, "bus_routes": null, "crossing_ref": null, "destination:ref": null, "guidepost": null, "local_ref": null, "old_name": null, "monitoring:traffic": null, "surface": null, "minspeed": null, "maxspeed:hgv:conditional": null, "source:maxspeed": null, "toll": null, "source:url": null, "was:ref": null, "disused:highway": null, "website": null, "check_date:traffic_signals:sound": null, "old_name:-2009": null, "highway_1": null, "enforcement": null, "wikimedia_commons": null, "disused:public_transport": null, "mapillary": null, "survey:date": null, "operator:rcn": null, "expected_rcn_route_relations": null, "carriageway_ref": null, "priority": null, "passenger_information_display": null, "departures_board": null, "bin": null, "bench": null, "ref:NBd": null, "junction": null, "wheelchair": null, "shelter": null, "ref:IFOPT": null, "operator:rwn": null, "comment": null, "bicycle_bypass": null, "covered": null, "stop_position": null, "city_limit": null, "horse": null, "network:wikidata": null, "route_ref": null, "amenity": null, "traffic_sign:direction": null, "zone": null, "rwn_ref": null, "expected_rwn_route_relations": null, "traffic_calming": null, "segregated": null, "noname": null, "public_transport": "stop_position", "network": "Bus Rotterdam", "bus": "yes", "traffic_signals": null, "traffic_signals:direction": null, "traffic_sign:forward": null, "side": null, "direction": null, "foot": null, "check_date:crossing": null, "alt_name": null, "surveillance:zone": null, "surveillance:type": null, "camera:type": null, "surveillance": null, "man_made": null, "description": null, "source:nat_ref": null, "operator:abbr": null, "loc_name": null, "source:name": null, "maxspeed": null, "layer": null, "TMC:cid_58:tabcd_1:TypeName:loc": null, "TMC:cid_58:tabcd_1:TypeName": null, "check_date": null, "rcn_ref": null, "network:type": null, "railway": null, "traffic_signals:vibration": null, "check_date:tactile_paving": null, "button_operated": null, "bicycle": null, "traffic_signals:sound": null, "tactile_paving": null, "kerb": null, "crossing:signals": null, "crossing:markings": null, "crossing:island": null, "crossing": null, "payment:brobizz": null, "name:de": null, "name:da": null, "wikipedia:fr": null, "wikipedia": null, "wikidata": null, "start_date": null, "name:nl": null, "name:fr": null, "name:en": null, "junction_name": null, "ele": null, "destination:lang:nl": null, "destination:lang:fr": null, "noref": null, "operator:ref": null, "highway:ref": null, "barrier": null, "toll:hgv": null, "ref:highway": null, "operator:wikidata": null, "operator": "RET", "nat_ref": null, "distance": null, "traffic_sign": null, "TMC:cid_58:tabcd_1:PrevLocationCode": null, "TMC:cid_58:tabcd_1:NextLocationCode": null, "TMC:cid_58:tabcd_1:LocationCode": null, "TMC:cid_58:tabcd_1:LCLversion": null, "TMC:cid_58:tabcd_1:Direction": null, "TMC:cid_58:tabcd_1:Class": null, "ref": null, "destination": null, "name": "Rotterdam, De Lugt", "highway": null, "exit_to:right": null, "exit_to:left": null }, "geometry": { "type": "Point", "coordinates": [ 4.423911, 51.9400067 ] } },
{ "type": "Feature", "properties": { "fid": 9271, "full_id": "n6960991653", "osm_id": "6960991653", "osm_type": "node", "flashing_lights": null, "traffic_signals:shoulder:right": null, "traffic_signals:lanes": null, "passing_place": null, "maxspeed:conditional": null, "not:highway": null, "country": null, "name:forward": null, "name:backward": null, "name:tr": null, "related_law:url": null, "related_law": null, "payment:others": null, "payment:license_plate:website:nl": null, "payment:license_plate:website:en": null, "payment:license_plate:website": null, "payment:license_plate": null, "payment:ideal": null, "payment:credit_cards": null, "note:charge": null, "description:nl": null, "description:en": null, "description:de": null, "check_date:charge": null, "charge:tourist_bus": null, "charge:hgv": null, "charge:bus": null, "charge": null, "brand:website": null, "locked": null, "swing_gate:type": null, "material": null, "cycleway:surface:colour": null, "crossing:signed": null, "traffic_sign:variable:backward": null, "traffic_sign:technology:backward": null, "traffic_sign:backward": null, "traffic_sign:variable:forward": null, "traffic_sign:technology:forward": null, "access:conditional": null, "kerb:right": null, "kerb:left": null, "crosswalk": null, "source:official_ref": null, "operator:wikipedia": null, "operator:type": null, "operator:en": null, "opening_hours": null, "lanes": null, "carriageway_ref:colour": null, "was:traffic_signals:vibration": null, "was:traffic_signals:sound": null, "was:tactile_paving": null, "was:crossing:signals": null, "was:crossing:markings": null, "was:crossing": null, "was:button_operated": null, "lift_gate:type": null, "level": null, "ref:FR:FANTOIR": null, "source:maxheight": null, "give_way:direction": null, "disused:traffic_signals": null, "STIF:zone": null, "maxspeed:variable": null, "panoramax:0": null, "construction": null, "stop_line": null, "proposed:name": null, "bicycle_parking:capacity": null, "noexit": null, "check_date:kerb": null, "brand:wikidata": null, "brand": null, "implicit": null, "check_date:traffic_signals:vibration": null, "bicycle_parking": null, "url": null, "mintrackwidth": null, "bridge:support": null, "construction:highway": null, "crossing:saltire": null, "position": null, "hazard": null, "check_date:bin": null, "check_date:bench": null, "pole": null, "tram": null, "reg_name": null, "image": null, "panoramax": null, "red_turn:straight:bicycle": null, "zone:traffic": null, "zone:De_Lijn": null, "route_ref:Flixbus": null, "route_ref:De_Lijn": null, "ref:De_Lijn": null, "name:operator:De_Lijn": null, "train": null, "public_transport:version": null, "facebook": null, "highway:forward": null, "highway:backward": null, "maxheight:signed": null, "wheelchair:description:en": null, "wheelchair:description": null, "cycleway": null, "vehicle": null, "phone": null, "maxheight": null, "entrance": null, "capacity:car": null, "capacity:bus": null, "addr:street": null, "addr:postcode": null, "red_turn:right:bicycle": null, "maxwidth:physical": null, "bus_bay": null, "source:traffic_sign": null, "supervised": null, "traffic_signals:countdown": null, "open": null, "timetable": null, "psv": null, "moped": null, "mofa": null, "emergency": null, "parking": null, "fee": null, "access": null, "official_name": null, "road_marking:direction": null, "road_marking": null, "name:etymology:wikidata": null, "bollard": null, "ref:FR:SNCF_Reseau:RESEAU": null, "railway:position:exact": null, "crossing:light": null, "crossing:bell": null, "crossing:barrier": null, "crossing:activation": null, "proposed:highway": null, "contact:website": null, "cxx:id": null, "cxx:code": null, "speisebezirk": null, "motor_vehicle": null, "footway:crossing:markings": null, "cycleway:crossing:markings": null, "maxspeed:reason": null, "check_date:shelter": null, "source:date": null, "lit": null, "network:wikipedia": null, "network:short": null, "ref_name": null, "note:bus_routes": null, "note:route_ref": null, "traffic_signals:arrow": null, "network:zone": null, "bus_routes": null, "crossing_ref": null, "destination:ref": null, "guidepost": null, "local_ref": null, "old_name": null, "monitoring:traffic": null, "surface": null, "minspeed": null, "maxspeed:hgv:conditional": null, "source:maxspeed": null, "toll": null, "source:url": null, "was:ref": null, "disused:highway": null, "website": null, "check_date:traffic_signals:sound": null, "old_name:-2009": null, "highway_1": null, "enforcement": null, "wikimedia_commons": null, "disused:public_transport": null, "mapillary": null, "survey:date": null, "operator:rcn": null, "expected_rcn_route_relations": null, "carriageway_ref": null, "priority": null, "passenger_information_display": null, "departures_board": null, "bin": null, "bench": null, "ref:NBd": null, "junction": null, "wheelchair": null, "shelter": null, "ref:IFOPT": null, "operator:rwn": null, "comment": null, "bicycle_bypass": null, "covered": null, "stop_position": null, "city_limit": null, "horse": null, "network:wikidata": null, "route_ref": null, "amenity": null, "traffic_sign:direction": null, "zone": null, "rwn_ref": null, "expected_rwn_route_relations": null, "traffic_calming": null, "segregated": null, "noname": null, "public_transport": "stop_position", "network": null, "bus": "yes", "traffic_signals": null, "traffic_signals:direction": null, "traffic_sign:forward": null, "side": null, "direction": null, "foot": null, "check_date:crossing": null, "alt_name": null, "surveillance:zone": null, "surveillance:type": null, "camera:type": null, "surveillance": null, "man_made": null, "description": null, "source:nat_ref": null, "operator:abbr": null, "loc_name": null, "source:name": null, "maxspeed": null, "layer": null, "TMC:cid_58:tabcd_1:TypeName:loc": null, "TMC:cid_58:tabcd_1:TypeName": null, "check_date": "2024-04-18", "rcn_ref": null, "network:type": null, "railway": null, "traffic_signals:vibration": null, "check_date:tactile_paving": null, "button_operated": null, "bicycle": null, "traffic_signals:sound": null, "tactile_paving": null, "kerb": null, "crossing:signals": null, "crossing:markings": null, "crossing:island": null, "crossing": null, "payment:brobizz": null, "name:de": null, "name:da": null, "wikipedia:fr": null, "wikipedia": null, "wikidata": null, "start_date": null, "name:nl": null, "name:fr": null, "name:en": null, "junction_name": null, "ele": null, "destination:lang:nl": null, "destination:lang:fr": null, "noref": null, "operator:ref": null, "highway:ref": null, "barrier": null, "toll:hgv": null, "ref:highway": null, "operator:wikidata": null, "operator": null, "nat_ref": null, "distance": null, "traffic_sign": null, "TMC:cid_58:tabcd_1:PrevLocationCode": null, "TMC:cid_58:tabcd_1:NextLocationCode": null, "TMC:cid_58:tabcd_1:LocationCode": null, "TMC:cid_58:tabcd_1:LCLversion": null, "TMC:cid_58:tabcd_1:Direction": null, "TMC:cid_58:tabcd_1:Class": null, "ref": null, "destination": null, "name": "Delft, Zuidpoort", "highway": null, "exit_to:right": null, "exit_to:left": null }, "geometry": { "type": "Point", "coordinates": [ 4.3636001, 52.0081179 ] } },
{ "type": "Feature", "properties": { "fid": 10082, "full_id": "n8284456082", "osm_id": "8284456082", "osm_type": "node", "flashing_lights": null, "traffic_signals:shoulder:right": null, "traffic_signals:lanes": null, "passing_place": null, "maxspeed:conditional": null, "not:highway": null, "country": null, "name:forward": null, "name:backward": null, "name:tr": null, "related_law:url": null, "related_law": null, "payment:others": null, "payment:license_plate:website:nl": null, "payment:license_plate:website:en": null, "payment:license_plate:website": null, "payment:license_plate": null, "payment:ideal": null, "payment:credit_cards": null, "note:charge": null, "description:nl": null, "description:en": null, "description:de": null, "check_date:charge": null, "charge:tourist_bus": null, "charge:hgv": null, "charge:bus": null, "charge": null, "brand:website": null, "locked": null, "swing_gate:type": null, "material": null, "cycleway:surface:colour": null, "crossing:signed": null, "traffic_sign:variable:backward": null, "traffic_sign:technology:backward": null, "traffic_sign:backward": null, "traffic_sign:variable:forward": null, "traffic_sign:technology:forward": null, "access:conditional": null, "kerb:right": null, "kerb:left": null, "crosswalk": null, "source:official_ref": null, "operator:wikipedia": null, "operator:type": null, "operator:en": null, "opening_hours": null, "lanes": null, "carriageway_ref:colour": null, "was:traffic_signals:vibration": null, "was:traffic_signals:sound": null, "was:tactile_paving": null, "was:crossing:signals": null, "was:crossing:markings": null, "was:crossing": null, "was:button_operated": null, "lift_gate:type": null, "level": null, "ref:FR:FANTOIR": null, "source:maxheight": null, "give_way:direction": null, "disused:traffic_signals": null, "STIF:zone": null, "maxspeed:variable": null, "panoramax:0": null, "construction": null, "stop_line": null, "proposed:name": null, "bicycle_parking:capacity": null, "noexit": null, "check_date:kerb": null, "brand:wikidata": null, "brand": null, "implicit": null, "check_date:traffic_signals:vibration": null, "bicycle_parking": null, "url": null, "mintrackwidth": null, "bridge:support": null, "construction:highway": null, "crossing:saltire": null, "position": null, "hazard": null, "check_date:bin": null, "check_date:bench": null, "pole": null, "tram": null, "reg_name": null, "image": null, "panoramax": null, "red_turn:straight:bicycle": null, "zone:traffic": null, "zone:De_Lijn": null, "route_ref:Flixbus": null, "route_ref:De_Lijn": null, "ref:De_Lijn": null, "name:operator:De_Lijn": null, "train": null, "public_transport:version": null, "facebook": null, "highway:forward": null, "highway:backward": null, "maxheight:signed": null, "wheelchair:description:en": null, "wheelchair:description": null, "cycleway": null, "vehicle": null, "phone": null, "maxheight": null, "entrance": null, "capacity:car": null, "capacity:bus": null, "addr:street": null, "addr:postcode": null, "red_turn:right:bicycle": null, "maxwidth:physical": null, "bus_bay": null, "source:traffic_sign": null, "supervised": null, "traffic_signals:countdown": null, "open": null, "timetable": null, "psv": null, "moped": null, "mofa": null, "emergency": null, "parking": null, "fee": null, "access": null, "official_name": null, "road_marking:direction": null, "road_marking": null, "name:etymology:wikidata": null, "bollard": null, "ref:FR:SNCF_Reseau:RESEAU": null, "railway:position:exact": null, "crossing:light": null, "crossing:bell": null, "crossing:barrier": null, "crossing:activation": null, "proposed:highway": null, "contact:website": null, "cxx:id": null, "cxx:code": null, "speisebezirk": null, "motor_vehicle": null, "footway:crossing:markings": null, "cycleway:crossing:markings": null, "maxspeed:reason": null, "check_date:shelter": null, "source:date": null, "lit": null, "network:wikipedia": null, "network:short": null, "ref_name": null, "note:bus_routes": null, "note:route_ref": null, "traffic_signals:arrow": null, "network:zone": null, "bus_routes": null, "crossing_ref": null, "destination:ref": null, "guidepost": null, "local_ref": null, "old_name": null, "monitoring:traffic": null, "surface": null, "minspeed": null, "maxspeed:hgv:conditional": null, "source:maxspeed": null, "toll": null, "source:url": null, "was:ref": null, "disused:highway": null, "website": null, "check_date:traffic_signals:sound": null, "old_name:-2009": null, "highway_1": null, "enforcement": null, "wikimedia_commons": null, "disused:public_transport": null, "mapillary": null, "survey:date": null, "operator:rcn": null, "expected_rcn_route_relations": null, "carriageway_ref": null, "priority": null, "passenger_information_display": null, "departures_board": null, "bin": null, "bench": null, "ref:NBd": null, "junction": null, "wheelchair": null, "shelter": null, "ref:IFOPT": null, "operator:rwn": null, "comment": null, "bicycle_bypass": null, "covered": null, "stop_position": null, "city_limit": null, "horse": null, "network:wikidata": null, "route_ref": null, "amenity": null, "traffic_sign:direction": null, "zone": null, "rwn_ref": null, "expected_rwn_route_relations": null, "traffic_calming": null, "segregated": null, "noname": null, "public_transport": "stop_position", "network": null, "bus": "yes", "traffic_signals": null, "traffic_signals:direction": null, "traffic_sign:forward": null, "side": null, "direction": null, "foot": null, "check_date:crossing": null, "alt_name": null, "surveillance:zone": null, "surveillance:type": null, "camera:type": null, "surveillance": null, "man_made": null, "description": null, "source:nat_ref": null, "operator:abbr": null, "loc_name": null, "source:name": null, "maxspeed": null, "layer": null, "TMC:cid_58:tabcd_1:TypeName:loc": null, "TMC:cid_58:tabcd_1:TypeName": null, "check_date": null, "rcn_ref": null, "network:type": null, "railway": null, "traffic_signals:vibration": null, "check_date:tactile_paving": null, "button_operated": null, "bicycle": null, "traffic_signals:sound": null, "tactile_paving": null, "kerb": null, "crossing:signals": null, "crossing:markings": null, "crossing:island": null, "crossing": null, "payment:brobizz": null, "name:de": null, "name:da": null, "wikipedia:fr": null, "wikipedia": null, "wikidata": null, "start_date": null, "name:nl": null, "name:fr": null, "name:en": null, "junction_name": null, "ele": null, "destination:lang:nl": null, "destination:lang:fr": null, "noref": null, "operator:ref": null, "highway:ref": null, "barrier": null, "toll:hgv": null, "ref:highway": null, "operator:wikidata": null, "operator": null, "nat_ref": null, "distance": null, "traffic_sign": null, "TMC:cid_58:tabcd_1:PrevLocationCode": null, "TMC:cid_58:tabcd_1:NextLocationCode": null, "TMC:cid_58:tabcd_1:LocationCode": null, "TMC:cid_58:tabcd_1:LCLversion": null, "TMC:cid_58:tabcd_1:Direction": null, "TMC:cid_58:tabcd_1:Class": null, "ref": null, "destination": null, "name": "Rotterdam, Abtsweg", "highway": null, "exit_to:right": null, "exit_to:left": null }, "geometry": { "type": "Point", "coordinates": [ 4.4390217, 51.9344226 ] } },
{ "type": "Feature", "properties": { "fid": 10083, "full_id": "n8284456083", "osm_id": "8284456083", "osm_type": "node", "flashing_lights": null, "traffic_signals:shoulder:right": null, "traffic_signals:lanes": null, "passing_place": null, "maxspeed:conditional": null, "not:highway": null, "country": null, "name:forward": null, "name:backward": null, "name:tr": null, "related_law:url": null, "related_law": null, "payment:others": null, "payment:license_plate:website:nl": null, "payment:license_plate:website:en": null, "payment:license_plate:website": null, "payment:license_plate": null, "payment:ideal": null, "payment:credit_cards": null, "note:charge": null, "description:nl": null, "description:en": null, "description:de": null, "check_date:charge": null, "charge:tourist_bus": null, "charge:hgv": null, "charge:bus": null, "charge": null, "brand:website": null, "locked": null, "swing_gate:type": null, "material": null, "cycleway:surface:colour": null, "crossing:signed": null, "traffic_sign:variable:backward": null, "traffic_sign:technology:backward": null, "traffic_sign:backward": null, "traffic_sign:variable:forward": null, "traffic_sign:technology:forward": null, "access:conditional": null, "kerb:right": null, "kerb:left": null, "crosswalk": null, "source:official_ref": null, "operator:wikipedia": null, "operator:type": null, "operator:en": null, "opening_hours": null, "lanes": null, "carriageway_ref:colour": null, "was:traffic_signals:vibration": null, "was:traffic_signals:sound": null, "was:tactile_paving": null, "was:crossing:signals": null, "was:crossing:markings": null, "was:crossing": null, "was:button_operated": null, "lift_gate:type": null, "level": null, "ref:FR:FANTOIR": null, "source:maxheight": null, "give_way:direction": null, "disused:traffic_signals": null, "STIF:zone": null, "maxspeed:variable": null, "panoramax:0": null, "construction": null, "stop_line": null, "proposed:name": null, "bicycle_parking:capacity": null, "noexit": null, "check_date:kerb": null, "brand:wikidata": null, "brand": null, "implicit": null, "check_date:traffic_signals:vibration": null, "bicycle_parking": null, "url": null, "mintrackwidth": null, "bridge:support": null, "construction:highway": null, "crossing:saltire": null, "position": null, "hazard": null, "check_date:bin": null, "check_date:bench": null, "pole": null, "tram": null, "reg_name": null, "image": null, "panoramax": null, "red_turn:straight:bicycle": null, "zone:traffic": null, "zone:De_Lijn": null, "route_ref:Flixbus": null, "route_ref:De_Lijn": null, "ref:De_Lijn": null, "name:operator:De_Lijn": null, "train": null, "public_transport:version": null, "facebook": null, "highway:forward": null, "highway:backward": null, "maxheight:signed": null, "wheelchair:description:en": null, "wheelchair:description": null, "cycleway": null, "vehicle": null, "phone": null, "maxheight": null, "entrance": null, "capacity:car": null, "capacity:bus": null, "addr:street": null, "addr:postcode": null, "red_turn:right:bicycle": null, "maxwidth:physical": null, "bus_bay": null, "source:traffic_sign": null, "supervised": null, "traffic_signals:countdown": null, "open": null, "timetable": null, "psv": null, "moped": null, "mofa": null, "emergency": null, "parking": null, "fee": null, "access": null, "official_name": null, "road_marking:direction": null, "road_marking": null, "name:etymology:wikidata": null, "bollard": null, "ref:FR:SNCF_Reseau:RESEAU": null, "railway:position:exact": null, "crossing:light": null, "crossing:bell": null, "crossing:barrier": null, "crossing:activation": null, "proposed:highway": null, "contact:website": null, "cxx:id": null, "cxx:code": null, "speisebezirk": null, "motor_vehicle": null, "footway:crossing:markings": null, "cycleway:crossing:markings": null, "maxspeed:reason": null, "check_date:shelter": null, "source:date": null, "lit": null, "network:wikipedia": null, "network:short": null, "ref_name": null, "note:bus_routes": null, "note:route_ref": null, "traffic_signals:arrow": null, "network:zone": null, "bus_routes": null, "crossing_ref": null, "destination:ref": null, "guidepost": null, "local_ref": null, "old_name": null, "monitoring:traffic": null, "surface": null, "minspeed": null, "maxspeed:hgv:conditional": null, "source:maxspeed": null, "toll": null, "source:url": null, "was:ref": null, "disused:highway": null, "website": null, "check_date:traffic_signals:sound": null, "old_name:-2009": null, "highway_1": null, "enforcement": null, "wikimedia_commons": null, "disused:public_transport": null, "mapillary": null, "survey:date": null, "operator:rcn": null, "expected_rcn_route_relations": null, "carriageway_ref": null, "priority": null, "passenger_information_display": null, "departures_board": null, "bin": null, "bench": null, "ref:NBd": null, "junction": null, "wheelchair": null, "shelter": null, "ref:IFOPT": null, "operator:rwn": null, "comment": null, "bicycle_bypass": null, "covered": null, "stop_position": null, "city_limit": null, "horse": null, "network:wikidata": null, "route_ref": null, "amenity": null, "traffic_sign:direction": null, "zone": null, "rwn_ref": null, "expected_rwn_route_relations": null, "traffic_calming": null, "segregated": null, "noname": null, "public_transport": "stop_position", "network": null, "bus": "yes", "traffic_signals": null, "traffic_signals:direction": null, "traffic_sign:forward": null, "side": null, "direction": null, "foot": null, "check_date:crossing": null, "alt_name": null, "surveillance:zone": null, "surveillance:type": null, "camera:type": null, "surveillance": null, "man_made": null, "description": null, "source:nat_ref": null, "operator:abbr": null, "loc_name": null, "source:name": null, "maxspeed": null, "layer": null, "TMC:cid_58:tabcd_1:TypeName:loc": null, "TMC:cid_58:tabcd_1:TypeName": null, "check_date": null, "rcn_ref": null, "network:type": null, "railway": null, "traffic_signals:vibration": null, "check_date:tactile_paving": null, "button_operated": null, "bicycle": null, "traffic_signals:sound": null, "tactile_paving": null, "kerb": null, "crossing:signals": null, "crossing:markings": null, "crossing:island": null, "crossing": null, "payment:brobizz": null, "name:de": null, "name:da": null, "wikipedia:fr": null, "wikipedia": null, "wikidata": null, "start_date": null, "name:nl": null, "name:fr": null, "name:en": null, "junction_name": null, "ele": null, "destination:lang:nl": null, "destination:lang:fr": null, "noref": null, "operator:ref": null, "highway:ref": null, "barrier": null, "toll:hgv": null, "ref:highway": null, "operator:wikidata": null, "operator": null, "nat_ref": null, "distance": null, "traffic_sign": null, "TMC:cid_58:tabcd_1:PrevLocationCode": null, "TMC:cid_58:tabcd_1:NextLocationCode": null, "TMC:cid_58:tabcd_1:LocationCode": null, "TMC:cid_58:tabcd_1:LCLversion": null, "TMC:cid_58:tabcd_1:Direction": null, "TMC:cid_58:tabcd_1:Class": null, "ref": null, "destination": null, "name": "Rotterdam, Ruggeweg", "highway": null, "exit_to:right": null, "exit_to:left": null }, "geometry": { "type": "Point", "coordinates": [ 4.4354, 51.9364214 ] } },
{ "type": "Feature", "properties": { "fid": 10084, "full_id": "n8284456085", "osm_id": "8284456085", "osm_type": "node", "flashing_lights": null, "traffic_signals:shoulder:right": null, "traffic_signals:lanes": null, "passing_place": null, "maxspeed:conditional": null, "not:highway": null, "country": null, "name:forward": null, "name:backward": null, "name:tr": null, "related_law:url": null, "related_law": null, "payment:others": null, "payment:license_plate:website:nl": null, "payment:license_plate:website:en": null, "payment:license_plate:website": null, "payment:license_plate": null, "payment:ideal": null, "payment:credit_cards": null, "note:charge": null, "description:nl": null, "description:en": null, "description:de": null, "check_date:charge": null, "charge:tourist_bus": null, "charge:hgv": null, "charge:bus": null, "charge": null, "brand:website": null, "locked": null, "swing_gate:type": null, "material": null, "cycleway:surface:colour": null, "crossing:signed": null, "traffic_sign:variable:backward": null, "traffic_sign:technology:backward": null, "traffic_sign:backward": null, "traffic_sign:variable:forward": null, "traffic_sign:technology:forward": null, "access:conditional": null, "kerb:right": null, "kerb:left": null, "crosswalk": null, "source:official_ref": null, "operator:wikipedia": null, "operator:type": null, "operator:en": null, "opening_hours": null, "lanes": null, "carriageway_ref:colour": null, "was:traffic_signals:vibration": null, "was:traffic_signals:sound": null, "was:tactile_paving": null, "was:crossing:signals": null, "was:crossing:markings": null, "was:crossing": null, "was:button_operated": null, "lift_gate:type": null, "level": null, "ref:FR:FANTOIR": null, "source:maxheight": null, "give_way:direction": null, "disused:traffic_signals": null, "STIF:zone": null, "maxspeed:variable": null, "panoramax:0": null, "construction": null, "stop_line": null, "proposed:name": null, "bicycle_parking:capacity": null, "noexit": null, "check_date:kerb": null, "brand:wikidata": null, "brand": null, "implicit": null, "check_date:traffic_signals:vibration": null, "bicycle_parking": null, "url": null, "mintrackwidth": null, "bridge:support": null, "construction:highway": null, "crossing:saltire": null, "position": null, "hazard": null, "check_date:bin": null, "check_date:bench": null, "pole": null, "tram": null, "reg_name": null, "image": null, "panoramax": null, "red_turn:straight:bicycle": null, "zone:traffic": null, "zone:De_Lijn": null, "route_ref:Flixbus": null, "route_ref:De_Lijn": null, "ref:De_Lijn": null, "name:operator:De_Lijn": null, "train": null, "public_transport:version": null, "facebook": null, "highway:forward": null, "highway:backward": null, "maxheight:signed": null, "wheelchair:description:en": null, "wheelchair:description": null, "cycleway": null, "vehicle": null, "phone": null, "maxheight": null, "entrance": null, "capacity:car": null, "capacity:bus": null, "addr:street": null, "addr:postcode": null, "red_turn:right:bicycle": null, "maxwidth:physical": null, "bus_bay": null, "source:traffic_sign": null, "supervised": null, "traffic_signals:countdown": null, "open": null, "timetable": null, "psv": null, "moped": null, "mofa": null, "emergency": null, "parking": null, "fee": null, "access": null, "official_name": null, "road_marking:direction": null, "road_marking": null, "name:etymology:wikidata": null, "bollard": null, "ref:FR:SNCF_Reseau:RESEAU": null, "railway:position:exact": null, "crossing:light": null, "crossing:bell": null, "crossing:barrier": null, "crossing:activation": null, "proposed:highway": null, "contact:website": null, "cxx:id": null, "cxx:code": null, "speisebezirk": null, "motor_vehicle": null, "footway:crossing:markings": null, "cycleway:crossing:markings": null, "maxspeed:reason": null, "check_date:shelter": null, "source:date": null, "lit": null, "network:wikipedia": null, "network:short": null, "ref_name": null, "note:bus_routes": null, "note:route_ref": null, "traffic_signals:arrow": null, "network:zone": null, "bus_routes": null, "crossing_ref": null, "destination:ref": null, "guidepost": null, "local_ref": null, "old_name": null, "monitoring:traffic": null, "surface": null, "minspeed": null, "maxspeed:hgv:conditional": null, "source:maxspeed": null, "toll": null, "source:url": null, "was:ref": null, "disused:highway": null, "website": null, "check_date:traffic_signals:sound": null, "old_name:-2009": null, "highway_1": null, "enforcement": null, "wikimedia_commons": null, "disused:public_transport": null, "mapillary": null, "survey:date": null, "operator:rcn": null, "expected_rcn_route_relations": null, "carriageway_ref": null, "priority": null, "passenger_information_display": null, "departures_board": null, "bin": null, "bench": null, "ref:NBd": null, "junction": null, "wheelchair": null, "shelter": null, "ref:IFOPT": null, "operator:rwn": null, "comment": null, "bicycle_bypass": null, "covered": null, "stop_position": null, "city_limit": null, "horse": null, "network:wikidata": null, "route_ref": null, "amenity": null, "traffic_sign:direction": null, "zone": null, "rwn_ref": null, "expected_rwn_route_relations": null, "traffic_calming": null, "segregated": null, "noname": null, "public_transport": "stop_position", "network": null, "bus": "yes", "traffic_signals": null, "traffic_signals:direction": null, "traffic_sign:forward": null, "side": null, "direction": null, "foot": null, "check_date:crossing": null, "alt_name": null, "surveillance:zone": null, "surveillance:type": null, "camera:type": null, "surveillance": null, "man_made": null, "description": null, "source:nat_ref": null, "operator:abbr": null, "loc_name": null, "source:name": null, "maxspeed": null, "layer": null, "TMC:cid_58:tabcd_1:TypeName:loc": null, "TMC:cid_58:tabcd_1:TypeName": null, "check_date": null, "rcn_ref": null, "network:type": null, "railway": null, "traffic_signals:vibration": null, "check_date:tactile_paving": null, "button_operated": null, "bicycle": null, "traffic_signals:sound": null, "tactile_paving": null, "kerb": null, "crossing:signals": null, "crossing:markings": null, "crossing:island": null, "crossing": null, "payment:brobizz": null, "name:de": null, "name:da": null, "wikipedia:fr": null, "wikipedia": null, "wikidata": null, "start_date": null, "name:nl": null, "name:fr": null, "name:en": null, "junction_name": null, "ele": null, "destination:lang:nl": null, "destination:lang:fr": null, "noref": null, "operator:ref": null, "highway:ref": null, "barrier": null, "toll:hgv": null, "ref:highway": null, "operator:wikidata": null, "operator": null, "nat_ref": null, "distance": null, "traffic_sign": null, "TMC:cid_58:tabcd_1:PrevLocationCode": null, "TMC:cid_58:tabcd_1:NextLocationCode": null, "TMC:cid_58:tabcd_1:LocationCode": null, "TMC:cid_58:tabcd_1:LCLversion": null, "TMC:cid_58:tabcd_1:Direction": null, "TMC:cid_58:tabcd_1:Class": null, "ref": null, "destination": null, "name": "Rotterdam, Baanweg", "highway": null, "exit_to:right": null, "exit_to:left": null }, "geometry": { "type": "Point", "coordinates": [ 4.4289546, 51.9352362 ] } },
{ "type": "Feature", "properties": { "fid": 11646, "full_id": "n10919496696", "osm_id": "10919496696", "osm_type": "node", "flashing_lights": null, "traffic_signals:shoulder:right": null, "traffic_signals:lanes": null, "passing_place": null, "maxspeed:conditional": null, "not:highway": null, "country": null, "name:forward": null, "name:backward": null, "name:tr": null, "related_law:url": null, "related_law": null, "payment:others": null, "payment:license_plate:website:nl": null, "payment:license_plate:website:en": null, "payment:license_plate:website": null, "payment:license_plate": null, "payment:ideal": null, "payment:credit_cards": null, "note:charge": null, "description:nl": null, "description:en": null, "description:de": null, "check_date:charge": null, "charge:tourist_bus": null, "charge:hgv": null, "charge:bus": null, "charge": null, "brand:website": null, "locked": null, "swing_gate:type": null, "material": null, "cycleway:surface:colour": null, "crossing:signed": null, "traffic_sign:variable:backward": null, "traffic_sign:technology:backward": null, "traffic_sign:backward": null, "traffic_sign:variable:forward": null, "traffic_sign:technology:forward": null, "access:conditional": null, "kerb:right": null, "kerb:left": null, "crosswalk": null, "source:official_ref": null, "operator:wikipedia": null, "operator:type": null, "operator:en": null, "opening_hours": null, "lanes": null, "carriageway_ref:colour": null, "was:traffic_signals:vibration": null, "was:traffic_signals:sound": null, "was:tactile_paving": null, "was:crossing:signals": null, "was:crossing:markings": null, "was:crossing": null, "was:button_operated": null, "lift_gate:type": null, "level": null, "ref:FR:FANTOIR": null, "source:maxheight": null, "give_way:direction": null, "disused:traffic_signals": null, "STIF:zone": null, "maxspeed:variable": null, "panoramax:0": null, "construction": null, "stop_line": null, "proposed:name": null, "bicycle_parking:capacity": null, "noexit": null, "check_date:kerb": null, "brand:wikidata": null, "brand": null, "implicit": null, "check_date:traffic_signals:vibration": null, "bicycle_parking": null, "url": null, "mintrackwidth": null, "bridge:support": null, "construction:highway": null, "crossing:saltire": null, "position": null, "hazard": null, "check_date:bin": null, "check_date:bench": null, "pole": null, "tram": null, "reg_name": null, "image": null, "panoramax": null, "red_turn:straight:bicycle": null, "zone:traffic": null, "zone:De_Lijn": null, "route_ref:Flixbus": null, "route_ref:De_Lijn": null, "ref:De_Lijn": null, "name:operator:De_Lijn": null, "train": null, "public_transport:version": null, "facebook": null, "highway:forward": null, "highway:backward": null, "maxheight:signed": null, "wheelchair:description:en": null, "wheelchair:description": null, "cycleway": null, "vehicle": null, "phone": null, "maxheight": null, "entrance": null, "capacity:car": null, "capacity:bus": null, "addr:street": null, "addr:postcode": null, "red_turn:right:bicycle": null, "maxwidth:physical": null, "bus_bay": null, "source:traffic_sign": null, "supervised": null, "traffic_signals:countdown": null, "open": null, "timetable": null, "psv": null, "moped": null, "mofa": null, "emergency": null, "parking": null, "fee": null, "access": null, "official_name": null, "road_marking:direction": null, "road_marking": null, "name:etymology:wikidata": null, "bollard": null, "ref:FR:SNCF_Reseau:RESEAU": null, "railway:position:exact": null, "crossing:light": null, "crossing:bell": null, "crossing:barrier": null, "crossing:activation": null, "proposed:highway": null, "contact:website": null, "cxx:id": null, "cxx:code": null, "speisebezirk": null, "motor_vehicle": null, "footway:crossing:markings": null, "cycleway:crossing:markings": null, "maxspeed:reason": null, "check_date:shelter": null, "source:date": null, "lit": null, "network:wikipedia": null, "network:short": null, "ref_name": null, "note:bus_routes": null, "note:route_ref": null, "traffic_signals:arrow": null, "network:zone": null, "bus_routes": null, "crossing_ref": null, "destination:ref": null, "guidepost": null, "local_ref": null, "old_name": null, "monitoring:traffic": null, "surface": null, "minspeed": null, "maxspeed:hgv:conditional": null, "source:maxspeed": null, "toll": null, "source:url": null, "was:ref": null, "disused:highway": null, "website": null, "check_date:traffic_signals:sound": null, "old_name:-2009": null, "highway_1": null, "enforcement": null, "wikimedia_commons": null, "disused:public_transport": "stop_position", "mapillary": null, "survey:date": null, "operator:rcn": null, "expected_rcn_route_relations": null, "carriageway_ref": null, "priority": null, "passenger_information_display": null, "departures_board": null, "bin": null, "bench": null, "ref:NBd": null, "junction": null, "wheelchair": null, "shelter": null, "ref:IFOPT": null, "operator:rwn": null, "comment": null, "bicycle_bypass": null, "covered": null, "stop_position": null, "city_limit": null, "horse": null, "network:wikidata": null, "route_ref": null, "amenity": null, "traffic_sign:direction": null, "zone": null, "rwn_ref": null, "expected_rwn_route_relations": null, "traffic_calming": null, "segregated": null, "noname": null, "public_transport": null, "network": null, "bus": "yes", "traffic_signals": null, "traffic_signals:direction": null, "traffic_sign:forward": null, "side": null, "direction": null, "foot": null, "check_date:crossing": null, "alt_name": null, "surveillance:zone": null, "surveillance:type": null, "camera:type": null, "surveillance": null, "man_made": null, "description": null, "source:nat_ref": null, "operator:abbr": null, "loc_name": null, "source:name": null, "maxspeed": null, "layer": null, "TMC:cid_58:tabcd_1:TypeName:loc": null, "TMC:cid_58:tabcd_1:TypeName": null, "check_date": null, "rcn_ref": null, "network:type": null, "railway": null, "traffic_signals:vibration": null, "check_date:tactile_paving": null, "button_operated": null, "bicycle": null, "traffic_signals:sound": null, "tactile_paving": null, "kerb": null, "crossing:signals": null, "crossing:markings": null, "crossing:island": null, "crossing": null, "payment:brobizz": null, "name:de": null, "name:da": null, "wikipedia:fr": null, "wikipedia": null, "wikidata": null, "start_date": null, "name:nl": null, "name:fr": null, "name:en": null, "junction_name": null, "ele": null, "destination:lang:nl": null, "destination:lang:fr": null, "noref": null, "operator:ref": null, "highway:ref": null, "barrier": null, "toll:hgv": null, "ref:highway": null, "operator:wikidata": null, "operator": null, "nat_ref": null, "distance": null, "traffic_sign": null, "TMC:cid_58:tabcd_1:PrevLocationCode": null, "TMC:cid_58:tabcd_1:NextLocationCode": null, "TMC:cid_58:tabcd_1:LocationCode": null, "TMC:cid_58:tabcd_1:LCLversion": null, "TMC:cid_58:tabcd_1:Direction": null, "TMC:cid_58:tabcd_1:Class": null, "ref": null, "destination": null, "name": "Delft, Heertjeslaan", "highway": null, "exit_to:right": null, "exit_to:left": null }, "geometry": { "type": "Point", "coordinates": [ 4.3765748, 51.9864208 ] } },
{ "type": "Feature", "properties": { "fid": 11678, "full_id": "n11054477616", "osm_id": "11054477616", "osm_type": "node", "flashing_lights": null, "traffic_signals:shoulder:right": null, "traffic_signals:lanes": null, "passing_place": null, "maxspeed:conditional": null, "not:highway": null, "country": null, "name:forward": null, "name:backward": null, "name:tr": null, "related_law:url": null, "related_law": null, "payment:others": null, "payment:license_plate:website:nl": null, "payment:license_plate:website:en": null, "payment:license_plate:website": null, "payment:license_plate": null, "payment:ideal": null, "payment:credit_cards": null, "note:charge": null, "description:nl": null, "description:en": null, "description:de": null, "check_date:charge": null, "charge:tourist_bus": null, "charge:hgv": null, "charge:bus": null, "charge": null, "brand:website": null, "locked": null, "swing_gate:type": null, "material": null, "cycleway:surface:colour": null, "crossing:signed": null, "traffic_sign:variable:backward": null, "traffic_sign:technology:backward": null, "traffic_sign:backward": null, "traffic_sign:variable:forward": null, "traffic_sign:technology:forward": null, "access:conditional": null, "kerb:right": null, "kerb:left": null, "crosswalk": null, "source:official_ref": null, "operator:wikipedia": null, "operator:type": null, "operator:en": null, "opening_hours": null, "lanes": null, "carriageway_ref:colour": null, "was:traffic_signals:vibration": null, "was:traffic_signals:sound": null, "was:tactile_paving": null, "was:crossing:signals": null, "was:crossing:markings": null, "was:crossing": null, "was:button_operated": null, "lift_gate:type": null, "level": null, "ref:FR:FANTOIR": null, "source:maxheight": null, "give_way:direction": null, "disused:traffic_signals": null, "STIF:zone": null, "maxspeed:variable": null, "panoramax:0": null, "construction": null, "stop_line": null, "proposed:name": null, "bicycle_parking:capacity": null, "noexit": null, "check_date:kerb": null, "brand:wikidata": null, "brand": null, "implicit": null, "check_date:traffic_signals:vibration": null, "bicycle_parking": null, "url": null, "mintrackwidth": null, "bridge:support": null, "construction:highway": null, "crossing:saltire": null, "position": null, "hazard": null, "check_date:bin": null, "check_date:bench": null, "pole": null, "tram": null, "reg_name": null, "image": null, "panoramax": null, "red_turn:straight:bicycle": null, "zone:traffic": null, "zone:De_Lijn": null, "route_ref:Flixbus": null, "route_ref:De_Lijn": null, "ref:De_Lijn": null, "name:operator:De_Lijn": null, "train": null, "public_transport:version": null, "facebook": null, "highway:forward": null, "highway:backward": null, "maxheight:signed": null, "wheelchair:description:en": null, "wheelchair:description": null, "cycleway": null, "vehicle": null, "phone": null, "maxheight": null, "entrance": null, "capacity:car": null, "capacity:bus": null, "addr:street": null, "addr:postcode": null, "red_turn:right:bicycle": null, "maxwidth:physical": null, "bus_bay": null, "source:traffic_sign": null, "supervised": null, "traffic_signals:countdown": null, "open": null, "timetable": null, "psv": null, "moped": null, "mofa": null, "emergency": null, "parking": null, "fee": null, "access": null, "official_name": null, "road_marking:direction": null, "road_marking": null, "name:etymology:wikidata": null, "bollard": null, "ref:FR:SNCF_Reseau:RESEAU": null, "railway:position:exact": null, "crossing:light": null, "crossing:bell": null, "crossing:barrier": null, "crossing:activation": null, "proposed:highway": null, "contact:website": null, "cxx:id": null, "cxx:code": null, "speisebezirk": null, "motor_vehicle": null, "footway:crossing:markings": null, "cycleway:crossing:markings": null, "maxspeed:reason": null, "check_date:shelter": null, "source:date": null, "lit": null, "network:wikipedia": null, "network:short": null, "ref_name": null, "note:bus_routes": null, "note:route_ref": null, "traffic_signals:arrow": null, "network:zone": null, "bus_routes": null, "crossing_ref": null, "destination:ref": null, "guidepost": null, "local_ref": null, "old_name": null, "monitoring:traffic": null, "surface": null, "minspeed": null, "maxspeed:hgv:conditional": null, "source:maxspeed": null, "toll": null, "source:url": null, "was:ref": null, "disused:highway": null, "website": null, "check_date:traffic_signals:sound": null, "old_name:-2009": null, "highway_1": null, "enforcement": null, "wikimedia_commons": null, "disused:public_transport": null, "mapillary": null, "survey:date": null, "operator:rcn": null, "expected_rcn_route_relations": null, "carriageway_ref": null, "priority": null, "passenger_information_display": null, "departures_board": null, "bin": null, "bench": null, "ref:NBd": null, "junction": null, "wheelchair": null, "shelter": null, "ref:IFOPT": null, "operator:rwn": null, "comment": null, "bicycle_bypass": null, "covered": null, "stop_position": null, "city_limit": null, "horse": null, "network:wikidata": null, "route_ref": null, "amenity": null, "traffic_sign:direction": null, "zone": null, "rwn_ref": null, "expected_rwn_route_relations": null, "traffic_calming": null, "segregated": null, "noname": null, "public_transport": "stop_position", "network": null, "bus": "yes", "traffic_signals": null, "traffic_signals:direction": null, "traffic_sign:forward": null, "side": null, "direction": null, "foot": null, "check_date:crossing": null, "alt_name": null, "surveillance:zone": null, "surveillance:type": null, "camera:type": null, "surveillance": null, "man_made": null, "description": null, "source:nat_ref": null, "operator:abbr": null, "loc_name": null, "source:name": null, "maxspeed": null, "layer": null, "TMC:cid_58:tabcd_1:TypeName:loc": null, "TMC:cid_58:tabcd_1:TypeName": null, "check_date": null, "rcn_ref": null, "network:type": null, "railway": null, "traffic_signals:vibration": null, "check_date:tactile_paving": null, "button_operated": null, "bicycle": null, "traffic_signals:sound": null, "tactile_paving": null, "kerb": null, "crossing:signals": null, "crossing:markings": null, "crossing:island": null, "crossing": null, "payment:brobizz": null, "name:de": null, "name:da": null, "wikipedia:fr": null, "wikipedia": null, "wikidata": null, "start_date": null, "name:nl": null, "name:fr": null, "name:en": null, "junction_name": null, "ele": null, "destination:lang:nl": null, "destination:lang:fr": null, "noref": null, "operator:ref": null, "highway:ref": null, "barrier": null, "toll:hgv": null, "ref:highway": null, "operator:wikidata": null, "operator": null, "nat_ref": null, "distance": null, "traffic_sign": null, "TMC:cid_58:tabcd_1:PrevLocationCode": null, "TMC:cid_58:tabcd_1:NextLocationCode": null, "TMC:cid_58:tabcd_1:LocationCode": null, "TMC:cid_58:tabcd_1:LCLversion": null, "TMC:cid_58:tabcd_1:Direction": null, "TMC:cid_58:tabcd_1:Class": null, "ref": null, "destination": null, "name": "Delft, Aula", "highway": null, "exit_to:right": null, "exit_to:left": null }, "geometry": { "type": "Point", "coordinates": [ 4.3714576, 52.0030978 ] } },
{ "type": "Feature", "properties": { "fid": 13435, "full_id": "n13019580377", "osm_id": "13019580377", "osm_type": "node", "flashing_lights": null, "traffic_signals:shoulder:right": null, "traffic_signals:lanes": null, "passing_place": null, "maxspeed:conditional": null, "not:highway": null, "country": null, "name:forward": null, "name:backward": null, "name:tr": null, "related_law:url": null, "related_law": null, "payment:others": null, "payment:license_plate:website:nl": null, "payment:license_plate:website:en": null, "payment:license_plate:website": null, "payment:license_plate": null, "payment:ideal": null, "payment:credit_cards": null, "note:charge": null, "description:nl": null, "description:en": null, "description:de": null, "check_date:charge": null, "charge:tourist_bus": null, "charge:hgv": null, "charge:bus": null, "charge": null, "brand:website": null, "locked": null, "swing_gate:type": null, "material": null, "cycleway:surface:colour": null, "crossing:signed": null, "traffic_sign:variable:backward": null, "traffic_sign:technology:backward": null, "traffic_sign:backward": null, "traffic_sign:variable:forward": null, "traffic_sign:technology:forward": null, "access:conditional": null, "kerb:right": null, "kerb:left": null, "crosswalk": null, "source:official_ref": null, "operator:wikipedia": null, "operator:type": null, "operator:en": null, "opening_hours": null, "lanes": null, "carriageway_ref:colour": null, "was:traffic_signals:vibration": null, "was:traffic_signals:sound": null, "was:tactile_paving": null, "was:crossing:signals": null, "was:crossing:markings": null, "was:crossing": null, "was:button_operated": null, "lift_gate:type": null, "level": null, "ref:FR:FANTOIR": null, "source:maxheight": null, "give_way:direction": null, "disused:traffic_signals": null, "STIF:zone": null, "maxspeed:variable": null, "panoramax:0": null, "construction": null, "stop_line": null, "proposed:name": null, "bicycle_parking:capacity": null, "noexit": null, "check_date:kerb": null, "brand:wikidata": null, "brand": null, "implicit": null, "check_date:traffic_signals:vibration": null, "bicycle_parking": null, "url": null, "mintrackwidth": null, "bridge:support": null, "construction:highway": null, "crossing:saltire": null, "position": null, "hazard": null, "check_date:bin": null, "check_date:bench": null, "pole": null, "tram": null, "reg_name": null, "image": null, "panoramax": null, "red_turn:straight:bicycle": null, "zone:traffic": null, "zone:De_Lijn": null, "route_ref:Flixbus": null, "route_ref:De_Lijn": null, "ref:De_Lijn": null, "name:operator:De_Lijn": null, "train": null, "public_transport:version": null, "facebook": null, "highway:forward": null, "highway:backward": null, "maxheight:signed": null, "wheelchair:description:en": null, "wheelchair:description": null, "cycleway": null, "vehicle": null, "phone": null, "maxheight": null, "entrance": null, "capacity:car": null, "capacity:bus": null, "addr:street": null, "addr:postcode": null, "red_turn:right:bicycle": null, "maxwidth:physical": null, "bus_bay": null, "source:traffic_sign": null, "supervised": null, "traffic_signals:countdown": null, "open": null, "timetable": null, "psv": null, "moped": null, "mofa": null, "emergency": null, "parking": null, "fee": null, "access": null, "official_name": null, "road_marking:direction": null, "road_marking": null, "name:etymology:wikidata": null, "bollard": null, "ref:FR:SNCF_Reseau:RESEAU": null, "railway:position:exact": null, "crossing:light": null, "crossing:bell": null, "crossing:barrier": null, "crossing:activation": null, "proposed:highway": null, "contact:website": null, "cxx:id": null, "cxx:code": null, "speisebezirk": null, "motor_vehicle": null, "footway:crossing:markings": null, "cycleway:crossing:markings": null, "maxspeed:reason": null, "check_date:shelter": null, "source:date": null, "lit": "yes", "network:wikipedia": null, "network:short": null, "ref_name": null, "note:bus_routes": null, "note:route_ref": null, "traffic_signals:arrow": null, "network:zone": null, "bus_routes": null, "crossing_ref": null, "destination:ref": null, "guidepost": null, "local_ref": "B", "old_name": null, "monitoring:traffic": null, "surface": null, "minspeed": null, "maxspeed:hgv:conditional": null, "source:maxspeed": null, "toll": null, "source:url": null, "was:ref": null, "disused:highway": null, "website": null, "check_date:traffic_signals:sound": null, "old_name:-2009": null, "highway_1": null, "enforcement": null, "wikimedia_commons": null, "disused:public_transport": null, "mapillary": null, "survey:date": null, "operator:rcn": null, "expected_rcn_route_relations": null, "carriageway_ref": null, "priority": null, "passenger_information_display": null, "departures_board": null, "bin": "yes", "bench": "yes", "ref:NBd": null, "junction": null, "wheelchair": null, "shelter": "yes", "ref:IFOPT": "NL:Q:32009018", "operator:rwn": null, "comment": null, "bicycle_bypass": null, "covered": null, "stop_position": null, "city_limit": null, "horse": null, "network:wikidata": null, "route_ref": null, "amenity": null, "traffic_sign:direction": null, "zone": null, "rwn_ref": null, "expected_rwn_route_relations": null, "traffic_calming": null, "segregated": null, "noname": null, "public_transport": "platform", "network": null, "bus": "yes", "traffic_signals": null, "traffic_signals:direction": null, "traffic_sign:forward": null, "side": null, "direction": null, "foot": null, "check_date:crossing": null, "alt_name": null, "surveillance:zone": null, "surveillance:type": null, "camera:type": null, "surveillance": null, "man_made": null, "description": null, "source:nat_ref": null, "operator:abbr": null, "loc_name": null, "source:name": null, "maxspeed": null, "layer": null, "TMC:cid_58:tabcd_1:TypeName:loc": null, "TMC:cid_58:tabcd_1:TypeName": null, "check_date": null, "rcn_ref": null, "network:type": null, "railway": null, "traffic_signals:vibration": null, "check_date:tactile_paving": null, "button_operated": null, "bicycle": null, "traffic_signals:sound": null, "tactile_paving": "yes", "kerb": null, "crossing:signals": null, "crossing:markings": null, "crossing:island": null, "crossing": null, "payment:brobizz": null, "name:de": null, "name:da": null, "wikipedia:fr": null, "wikipedia": null, "wikidata": null, "start_date": null, "name:nl": null, "name:fr": null, "name:en": null, "junction_name": null, "ele": null, "destination:lang:nl": null, "destination:lang:fr": null, "noref": null, "operator:ref": null, "highway:ref": null, "barrier": null, "toll:hgv": null, "ref:highway": null, "operator:wikidata": null, "operator": null, "nat_ref": null, "distance": null, "traffic_sign": null, "TMC:cid_58:tabcd_1:PrevLocationCode": null, "TMC:cid_58:tabcd_1:NextLocationCode": null, "TMC:cid_58:tabcd_1:LocationCode": null, "TMC:cid_58:tabcd_1:LCLversion": null, "TMC:cid_58:tabcd_1:Direction": null, "TMC:cid_58:tabcd_1:Class": null, "ref": null, "destination": null, "name": "Delft Station", "highway": "bus_stop", "exit_to:right": null, "exit_to:left": null }, "geometry": { "type": "Point", "coordinates": [ 4.35694308884387, 52.00681166321209 ] } }
]
}
